Hero,Rank,Win Rate,Equipment,Equipment Win Rate,Counters,Synergies
c5110,Ranking: 12 / 333,58.31,"{'0': ['set_cri_dmg', 'set_penetrate'], '1': ['set_penetrate', 'set_vampire'], '2': ['set_penetrate', 'set_speed'], '3': ['set_cri_dmg'], '4': ['set_att', 'set_penetrate']}","{'0': '57.28', '1': '62.26', '2': '58.21', '3': '54.76', '4': '56.56'}","['c2011', 'c2090', 'c1153']","['c1153', 'c2011', 'c1103']"
c2011,Ranking: 19 / 333,55.06,"{'0': ['set_cri', 'set_cri_dmg'], '1': ['set_cri_dmg', 'set_torrent'], '2': ['set_cri_dmg', 'set_res'], '3': ['set_cri_dmg', 'set_penetrate'], '4': ['set_cri_dmg']}","{'0': '52.18', '1': '59.42', '2': '56.89', '3': '54.77', '4': '54.65'}","['c1153', 'c5110', 'c1103']","['c1153', 'c1103', 'c2090']"
c1037,Ranking: 213 / 333,39.72,"{'0': ['set_res', 'set_speed'], '1': ['set_speed'], '2': ['set_immune', 'set_max_hp', 'set_max_hp'], '3': ['set_immune', 'set_max_hp', 'set_res'], '4': ['set_immune', 'set_res']}","{'0': '39.55', '1': '45', '2': '80', '3': '50', '4': '20'}","['c2011', 'c1153', 'c5110']","['c1091', 'c1055', 'c1054']"
c2027,Ranking: 77 / 333,48.59,"{'0': ['set_cri', 'set_speed'], '1': ['set_penetrate', 'set_speed'], '2': ['set_speed'], '3': ['set_penetrate', 'set_vampire'], '4': ['set_cri_dmg']}","{'0': '47.97', '1': '53.08', '2': '43.85', '3': '45.45', '4': '52.78'}","['c2011', 'c1103', 'c2090']","['c1133', 'c2024', 'c1118']"
c3124,Ranking: 235 / 333,36.95,"{'0': ['set_acc', 'set_speed'], '1': ['set_speed'], '2': ['set_res', 'set_speed'], '3': ['set_cri', 'set_speed'], '4': ['set_acc', 'set_acc', 'set_cri']}","{'0': '33.64', '1': '66.67', '2': '61.11', '3': '26.09', '4': '100'}","['c2011', 'c1103', 'c2066']","['c4105', 'c4144', 'c4158']"
c1119,Ranking: 140 / 333,44.66,"{'0': ['set_penetrate', 'set_speed'], '1': ['set_speed'], '2': ['set_cri', 'set_speed'], '3': ['set_cri_dmg', 'set_penetrate'], '4': ['set_speed', 'set_torrent']}","{'0': '45.3', '1': '43.55', '2': '41.78', '3': '39.23', '4': '50'}","['c2011', 'c1103', 'c1153']","['c1103', 'c2011', 'c1133']"
c4044,Ranking: 186 / 333,42.01,"{'0': ['set_max_hp', 'set_speed'], '1': ['set_res', 'set_speed'], '2': ['set_max_hp', 'set_max_hp', 'set_max_hp'], '3': ['set_immune', 'set_speed'], '4': ['set_max_hp', 'set_max_hp', 'set_res']}","{'0': '37.82', '1': '48.41', '2': '41.54', '3': '40.38', '4': '43.48'}","['c2011', 'c1153', 'c1103']","['c4004', 'c1103', 'c5110']"
c2132,Ranking: 70 / 333,49.55,"{'0': ['set_acc', 'set_speed'], '1': ['set_max_hp', 'set_speed'], '2': ['set_res', 'set_speed'], '3': ['set_acc', 'set_counter'], '4': ['set_speed']}","{'0': '49.45', '1': '49.95', '2': '50', '3': '50.4', '4': '49.26'}","['c2090', 'c2042', 'c2011']","['c2011', 'c1153', 'c1103']"
c2066,Ranking: 9 / 333,59.8,"{'0': ['set_immune', 'set_speed'], '1': ['set_acc', 'set_speed'], '2': ['set_speed'], '3': ['set_max_hp', 'set_speed'], '4': ['set_cri', 'set_speed']}","{'0': '61.55', '1': '58.95', '2': '59.98', '3': '56.22', '4': '50.31'}","['c2011', 'c1153', 'c5110']","['c2011', 'c1103', 'c2090']"
c2126,,,"{'0': [], '1': [], '2': [], '3': [], '4': []}","{'0': -1, '1': -1, '2': -1, '3': -1, '4': -1}",[],[]
c1112,Ranking: 78 / 333,48.43,"{'0': ['set_cri', 'set_speed'], '1': ['set_acc', 'set_speed'], '2': ['set_cri', 'set_cri_dmg'], '3': ['set_speed'], '4': ['set_immune', 'set_speed']}","{'0': '48.49', '1': '48.64', '2': '48.25', '3': '48.7', '4': '50.14'}","['c2011', 'c1103', 'c1055']","['c1103', 'c2011', 'c1118']"
c2014,Ranking: 210 / 333,39.91,"{'0': ['set_penetrate', 'set_speed'], '1': ['set_cri', 'set_speed'], '2': ['set_speed'], '3': ['set_acc', 'set_speed'], '4': ['set_penetrate', 'set_revenge']}","{'0': '41.48', '1': '38.35', '2': '38.14', '3': '63.64', '4': '33.33'}","['c2011', 'c1103', 'c5110']","['c2090', 'c1144', 'c1118']"
c4142,Ranking: 90 / 301,50,"{'0': [], '1': [], '2': [], '3': [], '4': []}","{'0': -1, '1': -1, '2': -1, '3': -1, '4': -1}","['c2039', 'c6062', 'c1103']","['c1151', 'c6037', 'c1019']"
c2046,Ranking: 96 / 333,47.19,"{'0': ['set_cri', 'set_speed'], '1': ['set_acc', 'set_speed'], '2': ['set_speed'], '3': ['set_immune', 'set_speed'], '4': ['set_def', 'set_speed']}","{'0': '44.47', '1': '47.65', '2': '53.27', '3': '51.11', '4': '45.24'}","['c2011', 'c1103', 'c1153']","['c2011', 'c1103', 'c1133']"
c3104,Ranking: 54 / 333,50,"{'0': [], '1': [], '2': [], '3': [], '4': []}","{'0': -1, '1': -1, '2': -1, '3': -1, '4': -1}","['c1133', 'c1111', 'c2089']","['c5089', 'c5111', 'c6017']"
c2017,Ranking: 162 / 333,43.62,"{'0': ['set_res', 'set_speed'], '1': ['set_immune', 'set_speed'], '2': ['set_max_hp', 'set_speed'], '3': ['set_speed'], '4': ['set_acc', 'set_speed']}","{'0': '42.47', '1': '60.19', '2': '40.4', '3': '35.9', '4': '37.5'}","['c2011', 'c1153', 'c1103']","['c2023', 'c4158', 'c2011']"
c3121,Ranking: 225 / 333,38.24,"{'0': [], '1': [], '2': [], '3': [], '4': []}","{'0': -1, '1': -1, '2': -1, '3': -1, '4': -1}","['c2066', 'c2011', 'c2090']","['c4052', 'c3157', 'c4158']"
c1126,Ranking: 134 / 333,45.02,"{'0': ['set_acc', 'set_speed'], '1': ['set_speed'], '2': ['set_cri', 'set_speed'], '3': ['set_max_hp', 'set_speed'], '4': ['set_res', 'set_speed']}","{'0': '45.55', '1': '46.99', '2': '36.31', '3': '37.61', '4': '40.26'}","['c2011', 'c1103', 'c5110']","['c2011', 'c1103', 'c5110']"
c1123,Ranking: 194 / 333,41.28,"{'0': ['set_res', 'set_speed'], '1': ['set_acc', 'set_speed'], '2': ['set_max_hp', 'set_speed'], '3': ['set_counter', 'set_max_hp'], '4': ['set_immune', 'set_speed']}","{'0': '44.33', '1': '38.89', '2': '33.98', '3': '39.39', '4': '48'}","['c2011', 'c1153', 'c5110']","['c2106', 'c1103', 'c2090']"
c1006,Ranking: 146 / 333,44.49,"{'0': ['set_cri', 'set_speed'], '1': ['set_penetrate', 'set_speed'], '2': ['set_cri_dmg', 'set_torrent'], '3': ['set_att', 'set_cri'], '4': ['set_speed', 'set_torrent']}","{'0': '42.4', '1': '43.1', '2': '61.67', '3': '47.06', '4': '61.54'}","['c2011', 'c5110', 'c1103']","['c1143', 'c1103', 'c1133']"
c2035,Ranking: 200 / 333,40.88,"{'0': ['set_max_hp', 'set_max_hp', 'set_max_hp'], '1': ['set_max_hp', 'set_speed'], '2': ['set_max_hp', 'set_max_hp', 'set_res'], '3': ['set_cri_dmg', 'set_max_hp'], '4': ['set_cri', 'set_speed']}","{'0': '42.5', '1': '39.29', '2': '45.45', '3': '32', '4': '100'}","['c2011', 'c1153', 'c1103']","['c2047', 'c2011', 'c1019']"
c4103,Ranking: 266 / 333,30.65,"{'0': ['set_cri_dmg', 'set_penetrate'], '1': ['set_att', 'set_penetrate'], '2': ['set_cri_dmg'], '3': ['set_penetrate', 'set_speed'], '4': ['set_att']}","{'0': '58.33', '1': '17.39', '2': '23.53', '3': '33.33', '4': '100'}","['c2007', 'c2011', 'c2109']","['c1133', 'c2088', 'c1153']"
c1150,Ranking: 99 / 333,47.07,"{'0': ['set_cri', 'set_speed'], '1': ['set_acc', 'set_speed'], '2': ['set_speed'], '3': ['set_penetrate', 'set_speed'], '4': ['set_immune', 'set_speed']}","{'0': '45.23', '1': '46.67', '2': '50.13', '3': '51.38', '4': '49.59'}","['c2011', 'c4158', 'c1103']","['c1133', 'c5110', 'c2066']"
c1083,Ranking: 54 / 333,50,"{'0': [], '1': [], '2': [], '3': [], '4': []}","{'0': -1, '1': -1, '2': -1, '3': -1, '4': -1}","['c6011', 'c2112', 'c2066']","['c2002', 'c5082', 'c1089']"
c3006,,,"{'0': [], '1': [], '2': [], '3': [], '4': []}","{'0': -1, '1': -1, '2': -1, '3': -1, '4': -1}",[],[]
c3011,Ranking: 308 / 333,0,"{'0': [], '1': [], '2': [], '3': [], '4': []}","{'0': -1, '1': -1, '2': -1, '3': -1, '4': -1}","['c1034', 'c6037', 'c2024']","['c1151', 'c1159', 'c2112']"
c1128,Ranking: 116 / 333,46.11,"{'0': ['set_speed', 'set_torrent'], '1': ['set_immune', 'set_speed'], '2': ['set_penetrate', 'set_speed'], '3': ['set_speed'], '4': ['set_max_hp', 'set_speed']}","{'0': '47.64', '1': '53.38', '2': '42.03', '3': '48.88', '4': '42.74'}","['c2011', 'c1153', 'c1103']","['c1153', 'c1103', 'c2011']"
c1029,Ranking: 148 / 333,44.44,"{'0': [], '1': [], '2': [], '3': [], '4': []}","{'0': -1, '1': -1, '2': -1, '3': -1, '4': -1}","['c2112', 'c2042', 'c2109']","['c1089', 'c1119', 'c1133']"
c1036,Ranking: 27 / 333,53.85,"{'0': [], '1': [], '2': [], '3': [], '4': []}","{'0': -1, '1': -1, '2': -1, '3': -1, '4': -1}","['c2112', 'c1055', 'c5089']","['c2113', 'c2106', 'c1156']"
c2079,Ranking: 106 / 333,46.67,"{'0': ['set_cri', 'set_vampire'], '1': ['set_cri', 'set_cri_dmg'], '2': ['set_cri', 'set_speed'], '3': ['set_cri_dmg', 'set_def'], '4': ['set_def', 'set_vampire']}","{'0': '46.9', '1': '46.57', '2': '46.81', '3': '50.56', '4': '48.47'}","['c1153', 'c2011', 'c1103']","['c2011', 'c1153', 'c1103']"
c1039,Ranking: 132 / 333,45.07,"{'0': ['set_cri', 'set_speed'], '1': ['set_acc', 'set_speed'], '2': ['set_speed'], '3': ['set_acc', 'set_cri_dmg'], '4': ['set_cri_dmg', 'set_penetrate']}","{'0': '46.58', '1': '37.7', '2': '38.46', '3': '50', '4': '66.67'}","['c2011', 'c1103', 'c1153']","['c1133', 'c2024', 'c1055']"
c1086,Ranking: 54 / 333,50,"{'0': [], '1': [], '2': [], '3': [], '4': []}","{'0': -1, '1': -1, '2': -1, '3': -1, '4': -1}","['c2039', 'c2011', 'c1117']","['c2103', 'c1118', 'c6017']"
c1135,Ranking: 13 / 333,57.59,"{'0': ['set_torrent', 'set_vampire'], '1': ['set_cri', 'set_vampire'], '2': ['set_speed', 'set_torrent'], '3': ['set_cri', 'set_speed'], '4': ['set_speed']}","{'0': '62.79', '1': '50.67', '2': '65.52', '3': '55.56', '4': '62.96'}","['c2011', 'c1103', 'c5110']","['c1153', 'c2011', 'c2073']"
c1109,Ranking: 178 / 333,42.37,"{'0': ['set_cri', 'set_speed'], '1': ['set_immune', 'set_speed'], '2': ['set_penetrate', 'set_speed'], '3': ['set_att', 'set_cri'], '4': ['set_counter', 'set_immune']}","{'0': '43.4', '1': '46.91', '2': '46.91', '3': '41.98', '4': '40.74'}","['c2011', 'c1103', 'c1153']","['c1103', 'c1153', 'c2011']"
c3074,Ranking: 190 / 333,41.67,"{'0': ['set_cri_dmg', 'set_immune'], '1': ['set_cri', 'set_speed'], '2': ['set_cri_dmg', 'set_penetrate'], '3': ['set_def', 'set_def', 'set_def'], '4': ['set_cri']}","{'0': '47.37', '1': '50', '2': '100', '3': '28.57', '4': '100'}","['c1103', 'c2066', 'c2090']","['c1110', 'c1133', 'c2069']"
c4001,Ranking: 168 / 333,43.15,"{'0': ['set_penetrate', 'set_vampire'], '1': ['set_counter', 'set_penetrate'], '2': ['set_penetrate', 'set_torrent', 'set_torrent'], '3': ['set_acc', 'set_speed'], '4': ['set_att', 'set_cri']}","{'0': '54.05', '1': '54.55', '2': '42.31', '3': '41.18', '4': '30'}","['c2011', 'c2066', 'c1153']","['c2066', 'c4025', 'c1104']"
c2071,Ranking: 74 / 333,49,"{'0': ['set_cri_dmg', 'set_penetrate'], '1': ['set_counter', 'set_penetrate'], '2': ['set_penetrate', 'set_vampire'], '3': ['set_cri_dmg'], '4': ['set_penetrate', 'set_speed']}","{'0': '48.88', '1': '49.17', '2': '52.21', '3': '46.82', '4': '52.55'}","['c2109', 'c1153', 'c2011']","['c1153', 'c2011', 'c1103']"
c1122,Ranking: 104 / 333,46.82,"{'0': ['set_penetrate', 'set_speed'], '1': ['set_cri', 'set_speed'], '2': ['set_counter', 'set_penetrate'], '3': ['set_cri', 'set_cri_dmg'], '4': ['set_speed']}","{'0': '50.16', '1': '44.23', '2': '42.86', '3': '51.46', '4': '51.32'}","['c1103', 'c2011', 'c2007']","['c1133', 'c1153', 'c1103']"
c1066,Ranking: 233 / 333,37.35,"{'0': ['set_penetrate', 'set_speed'], '1': ['set_cri_dmg'], '2': ['set_cri_dmg', 'set_penetrate'], '3': ['set_cri', 'set_cri_dmg'], '4': ['set_att', 'set_cri']}","{'0': '52.23', '1': '33.8', '2': '37.65', '3': '28.8', '4': '42.86'}","['c2011', 'c1103', 'c1153']","['c1110', 'c2106', 'c1111']"
c3034,Ranking: 308 / 333,0,"{'0': [], '1': [], '2': [], '3': [], '4': []}","{'0': -1, '1': -1, '2': -1, '3': -1, '4': -1}","['c2042', 'c2112', 'c1104']","['c3001', 'c3163', 'c3024']"
c1139,Ranking: 143 / 333,44.54,"{'0': ['set_acc', 'set_speed'], '1': ['set_cri', 'set_speed'], '2': ['set_speed'], '3': ['set_max_hp', 'set_speed'], '4': ['set_penetrate', 'set_speed']}","{'0': '44.39', '1': '51.2', '2': '45.18', '3': '41.07', '4': '30.95'}","['c2011', 'c1103', 'c1055']","['c1103', 'c1133', 'c2011']"
c3005,,,"{'0': [], '1': [], '2': [], '3': [], '4': []}","{'0': -1, '1': -1, '2': -1, '3': -1, '4': -1}",[],[]
c1088,Ranking: 270 / 333,29.99,"{'0': ['set_cri', 'set_speed'], '1': ['set_cri', 'set_cri_dmg'], '2': ['set_speed'], '3': ['set_att', 'set_cri'], '4': ['set_immune', 'set_speed']}","{'0': '29.82', '1': '35.87', '2': '29.63', '3': '31.25', '4': '37.5'}","['c2011', 'c1103', 'c1153']","['c1103', 'c2011', 'c1110']"
c3122,Ranking: 283 / 333,27.2,"{'0': [], '1': [], '2': [], '3': [], '4': []}","{'0': -1, '1': -1, '2': -1, '3': -1, '4': -1}","['c2011', 'c2106', 'c1103']","['c5024', 'c1048', 'c2090']"
c2089,Ranking: 72 / 333,49.3,"{'0': ['set_acc', 'set_speed'], '1': ['set_speed'], '2': ['set_max_hp', 'set_speed'], '3': ['set_immune', 'set_speed'], '4': ['set_cri', 'set_speed']}","{'0': '48.96', '1': '50.21', '2': '46.79', '3': '53.24', '4': '50.08'}","['c2011', 'c1103', 'c1153']","['c2011', 'c1103', 'c2109']"
c2113,Ranking: 11 / 333,58.99,"{'0': ['set_counter', 'set_max_hp'], '1': ['set_counter', 'set_penetrate'], '2': ['set_max_hp', 'set_speed'], '3': ['set_cri_dmg', 'set_penetrate'], '4': ['set_counter', 'set_cri']}","{'0': '57.24', '1': '58.98', '2': '57.79', '3': '64.01', '4': '59.1'}","['c2011', 'c2090', 'c1153']","['c1153', 'c2011', 'c2090']"
c2091,Ranking: 80 / 333,48.3,"{'0': ['set_cri', 'set_speed'], '1': ['set_cri', 'set_cri_dmg'], '2': ['set_speed', 'set_torrent'], '3': ['set_speed'], '4': ['set_att', 'set_cri']}","{'0': '48.61', '1': '45.05', '2': '50.87', '3': '47.75', '4': '43.71'}","['c2011', 'c1103', 'c2109']","['c1118', 'c1133', 'c2024']"
c2103,Ranking: 145 / 333,44.5,"{'0': ['set_penetrate', 'set_speed'], '1': ['set_penetrate', 'set_vampire'], '2': ['set_cri', 'set_speed'], '3': ['set_cri', 'set_vampire'], '4': ['set_cri_dmg', 'set_penetrate']}","{'0': '45.53', '1': '46.01', '2': '41.76', '3': '44.24', '4': '46.73'}","['c2011', 'c1153', 'c1103']","['c2011', 'c1153', 'c1103']"
c1011,Ranking: 280 / 333,27.78,"{'0': ['set_cri', 'set_speed'], '1': ['set_penetrate', 'set_speed'], '2': ['set_cri', 'set_cri_dmg'], '3': ['set_acc', 'set_att'], '4': ['set_acc', 'set_speed']}","{'0': '40', '1': '55.56', '2': '10', '3': '33.33', '4': '50'}","['c2011', 'c1103', 'c2109']","['c2011', 'c1103', 'c1153']"
c4004,Ranking: 73 / 333,49.18,"{'0': ['set_max_hp', 'set_speed'], '1': ['set_max_hp', 'set_max_hp', 'set_max_hp'], '2': ['set_res', 'set_speed'], '3': ['set_counter', 'set_max_hp'], '4': ['set_max_hp', 'set_max_hp', 'set_res']}","{'0': '49.07', '1': '49.48', '2': '49.98', '3': '49.24', '4': '49.63'}","['c2011', 'c1153', 'c1103']","['c1103', 'c2109', 'c2011']"
c3073,Ranking: 251 / 333,33.33,"{'0': [], '1': [], '2': [], '3': [], '4': []}","{'0': -1, '1': -1, '2': -1, '3': -1, '4': -1}",[],[]
c4035,Ranking: 297 / 333,18.52,"{'0': ['set_penetrate', 'set_rage'], '1': ['set_att', 'set_cri'], '2': ['set_att', 'set_penetrate'], '3': ['set_cri_dmg', 'set_penetrate'], '4': ['set_penetrate']}","{'0': '12.5', '1': '20', '2': '20', '3': '8.33', '4': '25'}","['c2011', 'c2066', 'c1103']","['c2011', 'c1103', 'c1153']"
c4071,Ranking: 299 / 333,16.67,"{'0': ['set_penetrate', 'set_speed'], '1': ['set_cri_dmg', 'set_penetrate'], '2': ['set_cri', 'set_speed'], '3': ['set_cri', 'set_cri_dmg'], '4': ['set_counter', 'set_cri']}","{'0': '100', '1': '100', '2': '0', '3': '0', '4': '0'}","['c2011', 'c5110', 'c2042']","['c3075', 'c4073', 'c3072']"
c3002,Ranking: 268 / 333,30.23,"{'0': ['set_max_hp', 'set_max_hp', 'set_max_hp'], '1': ['set_max_hp', 'set_speed'], '2': ['set_max_hp', 'set_max_hp'], '3': ['set_def', 'set_max_hp', 'set_max_hp'], '4': ['set_immune', 'set_max_hp', 'set_max_hp']}","{'0': '33.33', '1': '0', '2': '0', '3': '0', '4': '0'}","['c1153', 'c2011', 'c5110']","['c1037', 'c3094', 'c1055']"
c1018,Ranking: 308 / 333,0,"{'0': [], '1': [], '2': [], '3': [], '4': []}","{'0': -1, '1': -1, '2': -1, '3': -1, '4': -1}","['m8041', 'c1035', 'c2042']","['c3012', 'c3003', 'c2095']"
c4062,Ranking: 261 / 333,32.35,"{'0': [], '1': [], '2': [], '3': [], '4': []}","{'0': -1, '1': -1, '2': -1, '3': -1, '4': -1}","['c1103', 'c2042', 'c1055']","['c2106', 'c2039', 'c6062']"
c4005,Ranking: 128 / 333,45.19,"{'0': ['set_def', 'set_speed'], '1': ['set_counter', 'set_def'], '2': ['set_res', 'set_speed'], '3': ['set_counter', 'set_res'], '4': ['set_max_hp', 'set_speed']}","{'0': '42.79', '1': '49.02', '2': '53.85', '3': '45.19', '4': '43.26'}","['c5110', 'c2011', 'c1153']","['c2011', 'c1103', 'c1153']"
c1094,Ranking: 234 / 333,37.34,"{'0': ['set_acc', 'set_speed'], '1': ['set_speed'], '2': ['set_counter', 'set_max_hp'], '3': ['set_acc', 'set_counter'], '4': ['set_immune', 'set_speed']}","{'0': '35.15', '1': '35.63', '2': '40.74', '3': '47.83', '4': '50'}","['c5110', 'c2011', 'c1103']","['c2011', 'c1110', 'c1111']"
c3026,Ranking: 292 / 333,21.7,"{'0': ['set_cri', 'set_speed'], '1': ['set_cri', 'set_cri_dmg'], '2': ['set_att', 'set_cri'], '3': ['set_cri'], '4': ['set_cri_dmg']}","{'0': '24.32', '1': '23.53', '2': '16.67', '3': '33.33', '4': '100'}","['c1153', 'c2011', 'c1103']","['c2011', 'c1103', 'c1145']"
c3023,Ranking: 308 / 333,0,"{'0': [], '1': [], '2': [], '3': [], '4': []}","{'0': -1, '1': -1, '2': -1, '3': -1, '4': -1}",[],[]
c1092,Ranking: 265 / 333,30.92,"{'0': ['set_penetrate', 'set_speed'], '1': ['set_cri', 'set_cri_dmg'], '2': ['set_cri', 'set_speed'], '3': ['set_immune', 'set_shield'], '4': ['set_cri_dmg', 'set_penetrate']}","{'0': '47.62', '1': '28.89', '2': '23.08', '3': '37.5', '4': '18.18'}","['c2011', 'c1153', 'c1055']","['c2082', 'c1163', 'c1133']"
c1002,Ranking: 189 / 333,41.76,"{'0': ['set_acc', 'set_speed'], '1': ['set_max_hp', 'set_max_hp', 'set_max_hp'], '2': ['set_max_hp', 'set_speed'], '3': ['set_speed'], '4': ['set_res', 'set_speed']}","{'0': '46.39', '1': '41.27', '2': '36.21', '3': '45.45', '4': '66.67'}","['c2011', 'c1103', 'c5110']","['c1118', 'c5110', 'c1055']"
c1065,Ranking: 109 / 333,46.59,"{'0': ['set_penetrate', 'set_speed'], '1': [], '2': [], '3': [], '4': []}","{'0': '61.11', '1': '', '2': -1, '3': -1, '4': -1}","['c2011', 'c1118', 'c1014']","['c1014', 'c1150', 'c5050']"
c1019,Ranking: 90 / 333,47.57,"{'0': ['set_counter', 'set_penetrate'], '1': ['set_counter', 'set_max_hp'], '2': ['set_counter'], '3': ['set_counter', 'set_immune'], '4': ['set_cri_dmg', 'set_max_hp']}","{'0': '48.81', '1': '47.08', '2': '46.83', '3': '49.09', '4': '41.45'}","['c2011', 'c1153', 'c1103']","['c2011', 'c1103', 'c1153']"
c2031,Ranking: 160 / 333,43.76,"{'0': ['set_speed'], '1': ['set_acc', 'set_speed'], '2': ['set_immune', 'set_speed'], '3': ['set_max_hp', 'set_speed'], '4': ['set_cri', 'set_speed']}","{'0': '40', '1': '46.93', '2': '47.67', '3': '52.78', '4': '41.11'}","['c2011', 'c1103', 'c1153']","['c2011', 'c2007', 'c1153']"
c1027,Ranking: 293 / 333,21.43,"{'0': ['set_penetrate', 'set_scar'], '1': ['set_counter', 'set_penetrate'], '2': ['set_counter', 'set_def'], '3': ['set_cri', 'set_cri_dmg'], '4': ['set_counter', 'set_cri']}","{'0': '19.23', '1': '20.83', '2': '45.45', '3': '40', '4': '5.88'}","['c2011', 'c2042', 'c2090']","['c1153', 'c4144', 'c2011']"
c3113,Ranking: 219 / 333,38.89,"{'0': [], '1': [], '2': [], '3': [], '4': []}","{'0': -1, '1': -1, '2': -1, '3': -1, '4': -1}",[],[]
c3158,Ranking: 277 / 333,28.57,"{'0': ['set_counter', 'set_res'], '1': ['set_counter'], '2': ['set_counter', 'set_torrent'], '3': ['set_res'], '4': ['set_cri', 'set_cri_dmg']}","{'0': '35.71', '1': '50', '2': '75', '3': '50', '4': '0'}","['c2011', 'c5110', 'c2109']","['c2011', 'c2007', 'c1153']"
c2039,Ranking: 26 / 333,54.07,"{'0': ['set_counter', 'set_max_hp'], '1': ['set_counter', 'set_res'], '2': ['set_counter', 'set_immune'], '3': ['set_max_hp', 'set_speed'], '4': ['set_max_hp', 'set_max_hp', 'set_max_hp']}","{'0': '53.96', '1': '55.25', '2': '57.8', '3': '55.34', '4': '48.15'}","['c2011', 'c1153', 'c2090']","['c2011', 'c1153', 'c1103']"
c1156,Ranking: 36 / 333,52.42,"{'0': ['set_max_hp', 'set_speed'], '1': ['set_counter', 'set_max_hp'], '2': ['set_max_hp', 'set_max_hp', 'set_max_hp'], '3': ['set_max_hp', 'set_shield'], '4': ['set_immune', 'set_shield']}","{'0': '52.68', '1': '51.38', '2': '49.76', '3': '58.2', '4': '59.46'}","['c2011', 'c1153', 'c1103']","['c2090', 'c2109', 'c2011']"
c1091,Ranking: 87 / 333,47.93,"{'0': ['set_res', 'set_speed'], '1': ['set_max_hp', 'set_speed'], '2': ['set_counter', 'set_res'], '3': ['set_max_hp', 'set_max_hp', 'set_res'], '4': ['set_immune', 'set_speed']}","{'0': '48.37', '1': '45.57', '2': '51.09', '3': '52.3', '4': '49.71'}","['c1153', 'c2011', 'c5110']","['c2011', 'c1103', 'c5110']"
c1062,Ranking: 258 / 333,33.02,"{'0': ['set_max_hp', 'set_max_hp', 'set_max_hp'], '1': ['set_max_hp', 'set_speed'], '2': ['set_max_hp', 'set_max_hp'], '3': ['set_max_hp', 'set_max_hp', 'set_res'], '4': ['set_res', 'set_speed']}","{'0': '33.33', '1': '28.57', '2': '33.33', '3': '50', '4': '50'}","['c2011', 'c1153', 'c5110']","['c1103', 'c1129', 'c2011']"
c2095,Ranking: 24 / 333,54.24,"{'0': ['set_cri', 'set_speed'], '1': ['set_cri', 'set_cri_dmg'], '2': ['set_def', 'set_speed'], '3': ['set_counter', 'set_cri'], '4': ['set_cri_dmg', 'set_def']}","{'0': '54.51', '1': '59.78', '2': '56.33', '3': '54.5', '4': '60.67'}","['c1153', 'c2011', 'c5110']","['c5110', 'c2011', 'c1153']"
c1157,Ranking: 76 / 333,48.65,"{'0': ['set_penetrate', 'set_speed'], '1': ['set_cri', 'set_speed'], '2': ['set_cri_dmg', 'set_penetrate'], '3': ['set_speed', 'set_torrent'], '4': ['set_speed']}","{'0': '50.63', '1': '45.07', '2': '39.15', '3': '50.95', '4': '39.91'}","['c5110', 'c2011', 'c1153']","['c1153', 'c2106', 'c2011']"
c2087,Ranking: 231 / 333,37.55,"{'0': ['set_def', 'set_speed'], '1': ['set_cri_dmg', 'set_def'], '2': ['set_cri', 'set_speed'], '3': ['set_cri', 'set_cri_dmg'], '4': ['set_immune', 'set_speed']}","{'0': '45.35', '1': '36', '2': '40.91', '3': '43.75', '4': '21.05'}","['c5110', 'c1153', 'c2011']","['c1104', 'c5110', 'c1022']"
c2032,Ranking: 165 / 333,43.4,"{'0': ['set_counter', 'set_def'], '1': ['set_counter'], '2': ['set_counter', 'set_max_hp'], '3': ['set_counter', 'set_penetrate'], '4': ['set_counter', 'set_cri']}","{'0': '51.9', '1': '50', '2': '38.46', '3': '56.25', '4': '27.27'}","['c1153', 'c5110', 'c2090']","['c2011', 'c2113', 'c4004']"
c4042,Ranking: 216 / 333,39.12,"{'0': ['set_max_hp', 'set_speed'], '1': ['set_max_hp', 'set_max_hp', 'set_max_hp'], '2': ['set_max_hp', 'set_max_hp', 'set_res'], '3': ['set_res', 'set_speed'], '4': ['set_max_hp', 'set_max_hp']}","{'0': '46.85', '1': '32.74', '2': '36.84', '3': '38.89', '4': '47.37'}","['c1153', 'c2011', 'c1103']","['c1103', 'c4158', 'c2106']"
c4013,Ranking: 251 / 333,33.33,"{'0': [], '1': [], '2': [], '3': [], '4': []}","{'0': -1, '1': -1, '2': -1, '3': -1, '4': -1}","['c2079', 'c1133', 'c1112']","['c6011', 'c1055', 'c5050']"
c1001,,,"{'0': [], '1': [], '2': [], '3': [], '4': []}","{'0': -1, '1': -1, '2': -1, '3': -1, '4': -1}",[],[]
c1151,Ranking: 97 / 333,47.17,"{'0': ['set_acc', 'set_speed'], '1': ['set_speed'], '2': ['set_cri', 'set_speed'], '3': ['set_immune', 'set_speed'], '4': ['set_max_hp', 'set_speed']}","{'0': '47.03', '1': '48.5', '2': '45.56', '3': '48.46', '4': '44.13'}","['c2011', 'c1103', 'c1153']","['c2011', 'c1103', 'c2090']"
c2069,Ranking: 14 / 333,56.31,"{'0': ['set_speed', 'set_torrent'], '1': ['set_cri', 'set_speed'], '2': ['set_penetrate', 'set_speed'], '3': ['set_cri_dmg', 'set_torrent'], '4': ['set_cri', 'set_cri_dmg']}","{'0': '58.44', '1': '54.04', '2': '58.28', '3': '52.57', '4': '55.38'}","['c2011', 'c5110', 'c1103']","['c1133', 'c1118', 'c2066']"
c2037,Ranking: 220 / 333,38.68,"{'0': ['set_att', 'set_penetrate'], '1': ['set_penetrate', 'set_speed'], '2': ['set_cri_dmg', 'set_penetrate'], '3': ['set_cri', 'set_speed'], '4': ['set_cri', 'set_cri_dmg']}","{'0': '34.38', '1': '38.35', '2': '49.43', '3': '44.19', '4': '31.82'}","['c1103', 'c5110', 'c2011']","['c2011', 'c1118', 'c2080']"
c1104,Ranking: 29 / 333,53.65,"{'0': [], '1': [], '2': [], '3': [], '4': []}","{'0': '', '1': -1, '2': -1, '3': -1, '4': -1}","['c5110', 'c2011', 'c1153']","['c5110', 'c2011', 'c1153']"
c2019,Ranking: 101 / 333,46.99,"{'0': ['set_counter', 'set_penetrate'], '1': ['set_penetrate', 'set_speed'], '2': ['set_cri_dmg', 'set_penetrate'], '3': ['set_counter', 'set_max_hp'], '4': ['set_counter', 'set_cri']}","{'0': '47.16', '1': '49.78', '2': '50.83', '3': '46.34', '4': '44.54'}","['c2011', 'c1153', 'c1103']","['c1153', 'c1103', 'c2011']"
c1152,Ranking: 243 / 333,35.05,"{'0': ['set_att', 'set_penetrate'], '1': ['set_cri', 'set_rage'], '2': ['set_speed', 'set_torrent'], '3': ['set_cri', 'set_cri_dmg'], '4': ['set_penetrate', 'set_speed']}","{'0': '41.67', '1': '33.33', '2': '44.44', '3': '18.52', '4': '33.33'}","['c2011', 'c2090', 'c5110']","['c2112', 'c1153', 'c1055']"
c3032,Ranking: 286 / 333,26.32,"{'0': ['set_cri', 'set_cri_dmg'], '1': ['set_cri'], '2': ['set_cri', 'set_speed'], '3': ['set_cri_dmg', 'set_penetrate'], '4': ['set_acc']}","{'0': '25', '1': '100', '2': '100', '3': '100', '4': '100'}","['c1153', 'c2113', 'c2011']","['c2109', 'c2011', 'c4158']"
c1108,Ranking: 284 / 333,27.04,"{'0': [], '1': [], '2': [], '3': [], '4': []}","{'0': '', '1': -1, '2': -1, '3': -1, '4': -1}","['c2011', 'c1103', 'c2113']","['c1163', 'c1099', 'c2007']"
c4141,Ranking: 264 / 333,31.82,"{'0': ['set_cri', 'set_speed'], '1': ['set_cri_dmg', 'set_penetrate'], '2': ['set_cri', 'set_cri_dmg'], '3': ['set_speed'], '4': ['set_acc', 'set_att']}","{'0': '37.14', '1': '20', '2': '0', '3': '0', '4': '0'}","['c2011', 'c2112', 'c2066']","['c2018', 'c1050', 'c5110']"
c3151,Ranking: 308 / 333,0,"{'0': [], '1': [], '2': [], '3': [], '4': []}","{'0': -1, '1': -1, '2': -1, '3': -1, '4': -1}","['c2112', 'c4158', 'c2090']","['c2011', 'c2113', 'c2016']"
c5071,Ranking: 199 / 333,40.9,"{'0': ['set_cri', 'set_speed'], '1': ['set_cri', 'set_vampire'], '2': ['set_cri', 'set_cri_dmg'], '3': ['set_att', 'set_cri'], '4': ['set_immune', 'set_vampire']}","{'0': '37.5', '1': '42.71', '2': '41.72', '3': '42.08', '4': '42.58'}","['c1153', 'c2011', 'c5110']","['c1103', 'c2011', 'c1153']"
c2110,Ranking: 122 / 333,45.6,"{'0': ['set_acc', 'set_speed'], '1': ['set_speed'], '2': ['set_immune', 'set_speed'], '3': ['set_max_hp', 'set_speed'], '4': ['set_acc']}","{'0': '46.21', '1': '45.64', '2': '43.81', '3': '46.34', '4': '39.34'}","['c2011', 'c1103', 'c1153']","['c1153', 'c5024', 'c1133']"
c1020,Ranking: 195 / 333,41.22,"{'0': ['set_cri', 'set_speed'], '1': ['set_immune', 'set_speed'], '2': ['set_speed'], '3': ['set_penetrate', 'set_speed'], '4': ['set_speed', 'set_torrent']}","{'0': '44.27', '1': '52.63', '2': '38.46', '3': '52.94', '4': '83.33'}","['c2011', 'c1103', 'c1133']","['c1014', 'c1118', 'c1161']"
c1067,Ranking: 291 / 333,22.46,"{'0': ['set_max_hp', 'set_speed'], '1': ['set_res', 'set_speed'], '2': ['set_counter', 'set_penetrate'], '3': ['set_speed'], '4': ['set_max_hp', 'set_max_hp', 'set_max_hp']}","{'0': '21.05', '1': '44.44', '2': '18.75', '3': '37.5', '4': '18.18'}","['c2011', 'c1153', 'c1103']","['c2090', 'c1103', 'c2039']"
c3143,Ranking: 308 / 333,0,"{'0': ['set_penetrate', 'set_speed'], '1': ['set_cri_dmg', 'set_penetrate'], '2': ['set_cri_dmg'], '3': ['set_speed'], '4': ['set_att', 'set_cri']}","{'0': '0', '1': '0', '2': '0', '3': '0', '4': '0'}","['c2011', 'c2073', 'c1103']","['c1103', 'c2090', 'c1118']"
c1021,Ranking: 281 / 333,27.5,"{'0': [], '1': [], '2': [], '3': [], '4': []}","{'0': -1, '1': -1, '2': -1, '3': -1, '4': -1}","['c1103', 'c2011', 'c2113']","['c1053', 'c1037', 'c1044']"
c1096,Ranking: 179 / 333,42.35,"{'0': ['set_penetrate', 'set_speed'], '1': ['set_cri', 'set_speed'], '2': ['set_cri_dmg', 'set_penetrate'], '3': ['set_cri', 'set_cri_dmg'], '4': ['set_penetrate', 'set_rage']}","{'0': '47.64', '1': '39.44', '2': '38.55', '3': '37.66', '4': '37.38'}","['c2011', 'c5110', 'c1153']","['c1144', 'c1103', 'c1159']"
c1138,Ranking: 224 / 333,38.41,"{'0': ['set_cri_dmg', 'set_penetrate'], '1': ['set_att', 'set_penetrate'], '2': ['set_penetrate', 'set_speed'], '3': ['set_cri', 'set_penetrate', 'set_torrent'], '4': ['set_cri', 'set_cri_dmg']}","{'0': '29.87', '1': '49.32', '2': '50', '3': '50', '4': '40'}","['c2011', 'c1103', 'c2066']","['c1133', 'c1153', 'c1142']"
c3155,Ranking: 251 / 333,33.33,"{'0': [], '1': [], '2': [], '3': [], '4': []}","{'0': -1, '1': -1, '2': -1, '3': -1, '4': -1}","['m0181', 'm0075', 'c1150']","['c3045', 'c2011', 'c3024']"
c3044,Ranking: 54 / 333,50,"{'0': [], '1': [], '2': [], '3': [], '4': []}","{'0': -1, '1': -1, '2': -1, '3': -1, '4': -1}","['c5110', 'c2099', 'c2109']","['c3094', 'c3165', 'c3134']"
c1079,Ranking: 269 / 333,30.08,"{'0': ['set_att', 'set_cri'], '1': ['set_cri', 'set_cri_dmg'], '2': ['set_cri', 'set_speed'], '3': ['set_penetrate', 'set_rage'], '4': ['set_att', 'set_penetrate']}","{'0': '34.74', '1': '36.11', '2': '31.48', '3': '29.79', '4': '42.86'}","['c2011', 'c1103', 'c1153']","['c2011', 'c1153', 'c1103']"
c2054,Ranking: 177 / 333,42.71,"{'0': ['set_acc', 'set_speed'], '1': ['set_cri', 'set_speed'], '2': ['set_speed'], '3': ['set_penetrate', 'set_speed'], '4': ['set_def', 'set_speed']}","{'0': '36.15', '1': '51.96', '2': '45', '3': '60', '4': '0'}","['c2011', 'c1103', 'c2090']","['c1076', 'c2024', 'c2011']"
c2101,Ranking: 75 / 333,48.75,"{'0': ['set_penetrate', 'set_speed'], '1': ['set_max_hp', 'set_speed'], '2': ['set_cri', 'set_speed'], '3': ['set_res', 'set_speed'], '4': ['set_immune', 'set_speed']}","{'0': '48.7', '1': '48.85', '2': '47.78', '3': '53.38', '4': '49.12'}","['c2011', 'c1153', 'c2106']","['c2090', 'c1153', 'c2011']"
c5111,Ranking: 84 / 333,48.07,"{'0': ['set_acc', 'set_speed'], '1': ['set_speed'], '2': ['set_cri', 'set_speed'], '3': ['set_immune', 'set_speed'], '4': ['set_max_hp', 'set_speed']}","{'0': '48.48', '1': '45.51', '2': '46.52', '3': '54.24', '4': '45.44'}","['c2011', 'c1153', 'c2090']","['c1103', 'c2011', 'c5110']"
c4105,Ranking: 66 / 333,49.69,"{'0': ['set_speed'], '1': ['set_res', 'set_speed'], '2': ['set_max_hp', 'set_speed'], '3': ['set_immune', 'set_speed'], '4': ['set_counter', 'set_max_hp']}","{'0': '46.71', '1': '58.89', '2': '45.45', '3': '73.33', '4': '60'}","['c2011', 'c2090', 'c1103']","['c4144', 'c2011', 'c3124']"
c1046,Ranking: 245 / 333,34.76,"{'0': ['set_acc', 'set_speed'], '1': ['set_cri', 'set_speed'], '2': ['set_penetrate', 'set_speed'], '3': ['set_speed'], '4': ['set_max_hp', 'set_res']}","{'0': '51.72', '1': '26.23', '2': '54.55', '3': '23.68', '4': '33.33'}","['c1103', 'c2011', 'c2066']","['c2011', 'c1133', 'c1019']"
c5009,Ranking: 105 / 333,46.72,"{'0': ['set_cri_dmg', 'set_torrent'], '1': ['set_cri_dmg', 'set_max_hp'], '2': ['set_cri', 'set_vampire'], '3': ['set_cri', 'set_cri_dmg'], '4': ['set_cri', 'set_speed']}","{'0': '51.86', '1': '42.39', '2': '45.71', '3': '45.92', '4': '43.09'}","['c2011', 'c1103', 'c5110']","['c1153', 'c1133', 'c2011']"
c1028,Ranking: 228 / 333,37.84,"{'0': ['set_cri_dmg', 'set_torrent'], '1': ['set_cri', 'set_cri_dmg'], '2': ['set_cri_dmg', 'set_penetrate'], '3': ['set_counter'], '4': ['set_att', 'set_cri']}","{'0': '41.67', '1': '36.84', '2': '33.33', '3': '33.33', '4': '50'}","['c2011', 'c1103', 'c1153']","['c1144', 'c1163', 'c5111']"
c4051,Ranking: 135 / 333,45.01,"{'0': ['set_acc', 'set_speed'], '1': ['set_immune', 'set_speed'], '2': ['set_speed'], '3': ['set_cri', 'set_speed'], '4': ['set_max_hp', 'set_speed']}","{'0': '45.34', '1': '50.41', '2': '43.97', '3': '45.24', '4': '54'}","['c1103', 'c2011', 'c1153']","['c4004', 'c2011', 'c1103']"
c3101,,,"{'0': [], '1': [], '2': [], '3': [], '4': []}","{'0': -1, '1': -1, '2': -1, '3': -1, '4': -1}",[],[]
c3051,Ranking: 308 / 333,0,"{'0': [], '1': [], '2': [], '3': [], '4': []}","{'0': -1, '1': -1, '2': -1, '3': -1, '4': -1}","['c1117', 'c6011', 'c2066']","['c4105', 'c3003', 'c3002']"
c1055,Ranking: 40 / 333,51.32,"{'0': ['set_speed', 'set_torrent'], '1': ['set_cri', 'set_speed'], '2': ['set_cri_dmg', 'set_torrent'], '3': ['set_cri', 'set_cri_dmg'], '4': ['set_cri_dmg', 'set_penetrate']}","{'0': '54.13', '1': '51.05', '2': '52.28', '3': '46.77', '4': '48.84'}","['c2011', 'c1103', 'c1153']","['c2112', 'c2011', 'c1103']"
c3093,Ranking: 267 / 333,30.43,"{'0': [], '1': [], '2': [], '3': [], '4': []}","{'0': -1, '1': -1, '2': -1, '3': -1, '4': -1}","['c1103', 'c2011', 'c1151']","['c1151', 'c2066', 'c2011']"
c2074,Ranking: 114 / 333,46.38,"{'0': ['set_penetrate', 'set_vampire'], '1': ['set_cri', 'set_vampire'], '2': ['set_penetrate', 'set_speed'], '3': ['set_cri', 'set_speed'], '4': ['set_cri_dmg', 'set_penetrate']}","{'0': '47.2', '1': '43.16', '2': '45.22', '3': '42.18', '4': '42.36'}","['c2011', 'c1153', 'c1103']","['c1153', 'c2011', 'c1103']"
c1042,Ranking: 188 / 333,41.82,"{'0': ['set_max_hp', 'set_speed'], '1': ['set_max_hp', 'set_max_hp', 'set_max_hp'], '2': ['set_acc', 'set_speed'], '3': ['set_acc', 'set_max_hp'], '4': ['set_acc', 'set_max_hp', 'set_max_hp']}","{'0': '40.91', '1': '54.55', '2': '43.55', '3': '43.75', '4': '41.03'}","['c2042', 'c2011', 'c1153']","['c2090', 'c1103', 'c1127']"
c3094,Ranking: 226 / 333,38.1,"{'0': ['set_max_hp', 'set_max_hp', 'set_max_hp'], '1': ['set_max_hp', 'set_shield'], '2': ['set_counter', 'set_max_hp'], '3': ['set_res', 'set_shield'], '4': ['set_immune', 'set_max_hp', 'set_max_hp']}","{'0': '44.07', '1': '40', '2': '22.92', '3': '40.91', '4': '60'}","['c1153', 'c5110', 'c2011']","['c1037', 'c1055', 'c1091']"
c2099,Ranking: 103 / 333,46.88,"{'0': ['set_cri', 'set_speed'], '1': ['set_speed'], '2': ['set_penetrate', 'set_speed'], '3': ['set_speed', 'set_torrent'], '4': ['set_acc', 'set_speed']}","{'0': '46.83', '1': '42.47', '2': '47.59', '3': '55.74', '4': '41.67'}","['c2011', 'c1103', 'c5110']","['c1133', 'c2066', 'c4144']"
c1118,Ranking: 81 / 333,48.26,"{'0': ['set_cri', 'set_speed'], '1': ['set_speed'], '2': ['set_acc', 'set_speed'], '3': ['set_penetrate', 'set_speed'], '4': ['set_speed', 'set_torrent']}","{'0': '47.72', '1': '50.32', '2': '44.46', '3': '49.47', '4': '52.74'}","['c1103', 'c2011', 'c2066']","['c2011', 'c1133', 'c1103']"
c1102,Ranking: 79 / 333,48.36,"{'0': ['set_max_hp', 'set_max_hp', 'set_max_hp'], '1': ['set_max_hp', 'set_speed'], '2': ['set_max_hp', 'set_max_hp', 'set_res'], '3': ['set_res', 'set_speed'], '4': ['set_max_hp', 'set_max_hp']}","{'0': '47.38', '1': '49.03', '2': '48.09', '3': '51.37', '4': '49.39'}","['c1153', 'c2011', 'c2109']","['c2011', 'c1103', 'c1153']"
c2042,Ranking: 16 / 333,55.53,"{'0': ['set_max_hp', 'set_speed'], '1': ['set_acc', 'set_speed'], '2': ['set_cri', 'set_speed'], '3': ['set_max_hp', 'set_shield'], '4': ['set_max_hp', 'set_max_hp', 'set_max_hp']}","{'0': '54.92', '1': '56.55', '2': '55.5', '3': '64.12', '4': '54.66'}","['c2011', 'c1153', 'c5110']","['c2011', 'c2090', 'c1153']"
c2073,Ranking: 46 / 333,51.04,"{'0': ['set_max_hp', 'set_speed'], '1': ['set_immune', 'set_speed'], '2': ['set_penetrate', 'set_speed'], '3': ['set_res', 'set_speed'], '4': ['set_speed']}","{'0': '50.58', '1': '51.3', '2': '53.24', '3': '47.56', '4': '51.36'}","['c1153', 'c2011', 'c2090']","['c2011', 'c1153', 'c1103']"
c1142,Ranking: 156 / 333,43.96,"{'0': ['set_cri', 'set_speed'], '1': ['set_penetrate', 'set_speed'], '2': ['set_speed'], '3': ['set_acc', 'set_speed'], '4': ['set_cri_dmg']}","{'0': '42.97', '1': '45.09', '2': '45.45', '3': '57.69', '4': '46.67'}","['c2011', 'c1103', 'c5110']","['c1133', 'c2102', 'c2066']"
c2062,Ranking: 166 / 333,43.22,"{'0': ['set_res', 'set_speed'], '1': ['set_speed'], '2': ['set_max_hp', 'set_speed'], '3': ['set_immune', 'set_speed'], '4': ['set_res', 'set_res', 'set_res']}","{'0': '44.85', '1': '40.83', '2': '42.13', '3': '35', '4': '53.85'}","['c2011', 'c2007', 'c1103']","['c2011', 'c1103', 'c1153']"
c4025,Ranking: 242 / 333,35.79,"{'0': ['set_max_hp', 'set_scar'], '1': ['set_immune', 'set_scar'], '2': ['set_cri_dmg', 'set_penetrate'], '3': ['set_cri', 'set_immune', 'set_penetrate'], '4': ['set_cri_dmg', 'set_immune']}","{'0': '37.84', '1': '37.5', '2': '26.32', '3': '38.46', '4': '66.67'}","['c2066', 'c2011', 'c1153']","['c4144', 'c1104', 'c2042']"
c1161,Ranking: 202 / 333,40.69,"{'0': ['set_cri', 'set_vampire'], '1': ['set_cri', 'set_cri_dmg'], '2': ['set_cri', 'set_speed'], '3': ['set_penetrate', 'set_vampire'], '4': ['set_cri', 'set_rage']}","{'0': '40.2', '1': '39.13', '2': '43.68', '3': '42.31', '4': '41.75'}","['c2011', 'c1153', 'c1103']","['c1153', 'c1103', 'c2011']"
c1016,Ranking: 211 / 333,39.83,"{'0': ['set_penetrate', 'set_speed'], '1': ['set_cri', 'set_speed'], '2': ['set_cri_dmg', 'set_penetrate'], '3': ['set_acc', 'set_speed'], '4': ['set_att', 'set_cri']}","{'0': '44.44', '1': '48.75', '2': '36.84', '3': '32.14', '4': '41.67'}","['c2011', 'c1153', 'c1103']","['c1133', 'c2106', 'c5111']"
c1106,Ranking: 141 / 333,44.6,"{'0': ['set_immune', 'set_speed'], '1': ['set_max_hp', 'set_speed'], '2': ['set_acc', 'set_speed'], '3': ['set_res', 'set_speed'], '4': ['set_speed']}","{'0': '44', '1': '45.49', '2': '46.55', '3': '45.41', '4': '45.76'}","['c2011', 'c1103', 'c1153']","['c1103', 'c2011', 'c1153']"
c2002,Ranking: 141 / 333,44.6,"{'0': ['set_max_hp', 'set_speed'], '1': ['set_immune', 'set_speed'], '2': ['set_max_hp', 'set_max_hp', 'set_max_hp'], '3': ['set_immune', 'set_max_hp', 'set_max_hp'], '4': ['set_acc', 'set_speed']}","{'0': '46.43', '1': '45.48', '2': '43.32', '3': '43.36', '4': '48.48'}","['c2011', 'c1153', 'c1103']","['c1153', 'c1103', 'c1151']"
c1054,Ranking: 170 / 333,43.07,"{'0': ['set_max_hp', 'set_speed'], '1': ['set_res', 'set_speed'], '2': ['set_coop', 'set_counter'], '3': ['set_max_hp', 'set_max_hp'], '4': ['set_max_hp', 'set_max_hp', 'set_max_hp']}","{'0': '45.69', '1': '37.14', '2': '50', '3': '66.67', '4': '100'}","['c1153', 'c2011', 'c5110']","['c1037', 'c1055', 'c1091']"
c5149,Ranking: 173 / 333,43,"{'0': ['set_max_hp', 'set_speed'], '1': ['set_max_hp', 'set_max_hp', 'set_max_hp'], '2': ['set_res', 'set_speed'], '3': ['set_acc', 'set_speed'], '4': ['set_speed']}","{'0': '43.38', '1': '39.69', '2': '50.98', '3': '42.37', '4': '40.54'}","['c2011', 'c1153', 'c5110']","['c1103', 'c1133', 'c2011']"
c1129,Ranking: 98 / 333,47.11,"{'0': ['set_res', 'set_vampire'], '1': ['set_def', 'set_vampire'], '2': ['set_cri', 'set_vampire'], '3': ['set_max_hp', 'set_vampire'], '4': ['set_vampire']}","{'0': '48.84', '1': '47.8', '2': '48.75', '3': '42.33', '4': '46.79'}","['c2011', 'c1103', 'c1153']","['c1103', 'c1153', 'c2011']"
c1116,Ranking: 216 / 333,39.12,"{'0': ['set_max_hp', 'set_speed'], '1': ['set_res', 'set_speed'], '2': ['set_immune', 'set_speed'], '3': ['set_max_hp', 'set_max_hp', 'set_res'], '4': ['set_speed']}","{'0': '36.18', '1': '40.74', '2': '37.88', '3': '55.56', '4': '33.59'}","['c1153', 'c2011', 'c1103']","['c2011', 'c1103', 'c5110']"
c1007,Ranking: 64 / 333,49.78,"{'0': ['set_cri', 'set_speed'], '1': ['set_speed', 'set_torrent'], '2': ['set_cri', 'set_cri_dmg'], '3': ['set_cri_dmg'], '4': ['set_penetrate', 'set_speed']}","{'0': '48', '1': '64.35', '2': '51.94', '3': '39.37', '4': '44.14'}","['c2011', 'c1103', 'c2066']","['c1118', 'c2024', 'c1163']"
c6011,Ranking: 131 / 333,45.09,"{'0': ['set_penetrate', 'set_speed'], '1': ['set_cri', 'set_speed'], '2': ['set_speed'], '3': ['set_speed', 'set_torrent'], '4': ['set_cri', 'set_cri_dmg']}","{'0': '45.57', '1': '43.43', '2': '48.87', '3': '41.51', '4': '40'}","['c2011', 'c1103', 'c5110']","['c1103', 'c2011', 'c2066']"
c1113,Ranking: 185 / 333,42.04,"{'0': ['set_cri', 'set_speed'], '1': ['set_penetrate', 'set_speed'], '2': ['set_counter', 'set_penetrate'], '3': ['set_max_hp', 'set_speed'], '4': ['set_counter', 'set_cri']}","{'0': '37.05', '1': '50.47', '2': '44.34', '3': '41.18', '4': '32.22'}","['c2011', 'c2106', 'c1103']","['c1153', 'c2011', 'c2090']"
c3065,Ranking: 1 / 333,100,"{'0': [], '1': [], '2': [], '3': [], '4': []}","{'0': -1, '1': -1, '2': -1, '3': -1, '4': -1}",[],[]
c2004,Ranking: 99 / 333,47.07,"{'0': ['set_acc', 'set_speed'], '1': ['set_immune', 'set_speed'], '2': ['set_speed'], '3': ['set_cri', 'set_speed'], '4': ['set_penetrate', 'set_speed']}","{'0': '44.99', '1': '47.51', '2': '52.03', '3': '50', '4': '43.24'}","['c2011', 'c2066', 'c1133']","['c2011', 'c1118', 'c1014']"
c3013,Ranking: 288 / 301,14.81,"{'0': [], '1': [], '2': [], '3': [], '4': []}","{'0': -1, '1': -1, '2': -1, '3': -1, '4': -1}",[],"['c1007', 'c1118', 'c6011']"
c1012,Ranking: 263 / 333,32,"{'0': ['set_counter', 'set_cri'], '1': ['set_counter', 'set_res'], '2': ['set_acc', 'set_speed'], '3': ['set_def', 'set_speed'], '4': ['set_res', 'set_speed']}","{'0': '22.22', '1': '40', '2': '40', '3': '50', '4': '100'}","['c1103', 'c1153', 'c2011']","['c1037', 'c1053', 'c1044']"
c2049,Ranking: 52 / 333,50.34,"{'0': ['set_res', 'set_speed'], '1': ['set_max_hp', 'set_speed'], '2': ['set_immune', 'set_speed'], '3': ['set_max_hp', 'set_max_hp', 'set_max_hp'], '4': ['set_max_hp', 'set_max_hp', 'set_res']}","{'0': '51.18', '1': '51.8', '2': '51', '3': '33.21', '4': '55.04'}","['c2011', 'c1153', 'c1103']","['c2011', 'c2113', 'c1153']"
c3052,Ranking: 308 / 333,0,"{'0': [], '1': [], '2': [], '3': [], '4': []}","{'0': -1, '1': -1, '2': -1, '3': -1, '4': -1}","['c2090', 'c4158', 'c2011']","['c1104', 'c2024', 'c2048']"
c3123,Ranking: 214 / 333,39.6,"{'0': ['set_res', 'set_res'], '1': ['set_res', 'set_res', 'set_res'], '2': ['set_max_hp', 'set_speed'], '3': ['set_res'], '4': ['set_res', 'set_speed']}","{'0': '43.18', '1': '50', '2': '50', '3': '60', '4': '60'}","['c2011', 'c1103', 'c1151']","['c1144', 'c4001', 'c2011']"
c3091,Ranking: 251 / 333,33.33,"{'0': [], '1': [], '2': [], '3': [], '4': []}","{'0': -1, '1': -1, '2': -1, '3': -1, '4': -1}","['c1103', 'c1055', 'c2090']","['c1143', 'c1096', 'c2074']"
c1154,Ranking: 69 / 333,49.59,"{'0': [], '1': [], '2': [], '3': [], '4': []}","{'0': -1, '1': -1, '2': -1, '3': -1, '4': -1}","['c2109', 'c2011', 'c1153']","['c2011', 'c1133', 'c2079']"
c2024,Ranking: 37 / 333,51.52,"{'0': ['set_cri', 'set_speed'], '1': ['set_acc', 'set_speed'], '2': ['set_speed'], '3': ['set_immune', 'set_speed'], '4': ['set_speed', 'set_torrent']}","{'0': '50.61', '1': '51.15', '2': '54.76', '3': '53.72', '4': '59.93'}","['c2011', 'c1153', 'c5110']","['c2011', 'c1133', 'c1153']"
c3041,,,"{'0': [], '1': [], '2': [], '3': [], '4': []}","{'0': -1, '1': -1, '2': -1, '3': -1, '4': -1}",[],[]
c1043,Ranking: 161 / 333,43.7,"{'0': ['set_speed'], '1': ['set_acc', 'set_speed'], '2': ['set_acc', 'set_acc', 'set_acc'], '3': ['set_res', 'set_speed'], '4': ['set_immune', 'set_torrent']}","{'0': '66.67', '1': '24.59', '2': '60', '3': '66.67', '4': '0'}","['c2011', 'c1103', 'c1055']","['c1037', 'c1044', 'c1053']"
c2048,Ranking: 37 / 333,51.52,"{'0': ['set_acc', 'set_speed'], '1': ['set_speed'], '2': ['set_acc', 'set_acc', 'set_acc'], '3': ['set_acc', 'set_att'], '4': ['set_immune', 'set_speed']}","{'0': '51.95', '1': '53.32', '2': '48.18', '3': '43.55', '4': '60'}","['c2011', 'c5110', 'c1153']","['c1133', 'c5110', 'c1104']"
c2028,Ranking: 249 / 333,34.29,"{'0': ['set_res', 'set_speed'], '1': ['set_max_hp', 'set_speed'], '2': ['set_acc', 'set_speed'], '3': ['set_speed'], '4': ['set_immune', 'set_max_hp', 'set_max_hp']}","{'0': '34.34', '1': '40', '2': '37.7', '3': '38.89', '4': '12.12'}","['c1153', 'c2066', 'c2011']","['c2011', 'c1103', 'c1153']"
c2033,Ranking: 238 / 333,36.7,"{'0': ['set_cri', 'set_speed'], '1': ['set_penetrate', 'set_speed'], '2': ['set_speed'], '3': ['set_speed', 'set_torrent'], '4': ['set_penetrate']}","{'0': '41.26', '1': '32.39', '2': '75', '3': '16.67', '4': '100'}","['c2011', 'c1103', 'c2090']","['c1103', 'c4144', 'c1112']"
c2022,Ranking: 108 / 333,46.61,"{'0': ['set_res', 'set_speed'], '1': ['set_max_hp', 'set_speed'], '2': ['set_max_hp', 'set_max_hp', 'set_max_hp'], '3': ['set_max_hp', 'set_max_hp', 'set_res'], '4': ['set_max_hp', 'set_max_hp']}","{'0': '49.11', '1': '47.48', '2': '43.88', '3': '45.01', '4': '43.21'}","['c2011', 'c1153', 'c1103']","['c2011', 'c1103', 'c1153']"
c1144,Ranking: 111 / 333,46.52,"{'0': ['set_max_hp', 'set_speed'], '1': ['set_max_hp', 'set_max_hp', 'set_max_hp'], '2': ['set_penetrate', 'set_speed'], '3': ['set_cri', 'set_speed'], '4': ['set_acc', 'set_speed']}","{'0': '46.39', '1': '46.57', '2': '47.48', '3': '47.66', '4': '44.12'}","['c2011', 'c1103', 'c1153']","['c2011', 'c2090', 'c1103']"
c1073,Ranking: 154 / 333,44.03,"{'0': ['set_cri', 'set_speed'], '1': ['set_speed'], '2': ['set_penetrate', 'set_speed'], '3': ['set_speed', 'set_torrent'], '4': ['set_acc', 'set_speed']}","{'0': '44.99', '1': '45.5', '2': '41.56', '3': '37.31', '4': '33.33'}","['c2011', 'c1103', 'c1153']","['c1118', 'c1103', 'c2090']"
c2003,Ranking: 307 / 333,7.69,"{'0': ['set_res', 'set_speed'], '1': ['set_max_hp', 'set_speed'], '2': ['set_cri'], '3': ['set_speed'], '4': ['set_acc', 'set_counter']}","{'0': '100', '1': '0', '2': '0', '3': '0', '4': '0'}","['c2079', 'c1103', 'c4004']","['c6011', 'c1153', 'c6062']"
c1125,Ranking: 88 / 333,47.82,"{'0': ['set_acc', 'set_speed'], '1': ['set_speed'], '2': ['set_cri', 'set_speed'], '3': ['set_max_hp', 'set_speed'], '4': ['set_immune', 'set_speed']}","{'0': '47.88', '1': '52.42', '2': '41.43', '3': '42.71', '4': '55.88'}","['c2011', 'c1103', 'c1133']","['c1103', 'c2011', 'c1055']"
c6008,Ranking: 196 / 333,41.05,"{'0': ['set_speed'], '1': ['set_def', 'set_speed'], '2': ['set_max_hp', 'set_speed'], '3': ['set_acc', 'set_speed'], '4': ['set_max_hp', 'set_max_hp', 'set_max_hp']}","{'0': '43.4', '1': '45.88', '2': '38.38', '3': '40.86', '4': '40.54'}","['c2011', 'c1153', 'c1103']","['c5110', 'c1103', 'c1153']"
c1009,Ranking: 169 / 333,43.11,"{'0': ['set_immune', 'set_vampire'], '1': ['set_def', 'set_vampire'], '2': ['set_max_hp', 'set_vampire'], '3': ['set_cri_dmg', 'set_max_hp'], '4': ['set_vampire']}","{'0': '43.24', '1': '58.7', '2': '47.62', '3': '30.43', '4': '44.83'}","['c1103', 'c1153', 'c2011']","['c2011', 'c1153', 'c6062']"
c1082,Ranking: 271 / 333,29.73,"{'0': ['set_cri', 'set_speed'], '1': ['set_acc', 'set_speed'], '2': ['set_cri_dmg', 'set_penetrate'], '3': ['set_att', 'set_cri'], '4': ['set_speed']}","{'0': '23.53', '1': '33.33', '2': '71.43', '3': '18.75', '4': '50'}","['c1103', 'c2011', 'c1153']","['c1126', 'c2011', 'c1103']"
c1085,Ranking: 54 / 333,50,"{'0': [], '1': [], '2': [], '3': [], '4': []}","{'0': -1, '1': -1, '2': -1, '3': -1, '4': -1}","['c1159', 'c1104', 'c1019']","['c2066', 'c1133', 'c2101']"
c4034,Ranking: 197 / 333,41.03,"{'0': ['set_cri', 'set_speed'], '1': ['set_def', 'set_speed'], '2': ['set_acc', 'set_cri', 'set_immune'], '3': ['set_res', 'set_speed'], '4': ['set_counter', 'set_cri']}","{'0': '58.82', '1': '25', '2': '40', '3': '25', '4': '33.33'}","['c1103', 'c2011', 'c2066']","['c2088', 'c1117', 'c2090']"
c4144,Ranking: 51 / 333,50.41,"{'0': ['set_penetrate', 'set_speed'], '1': ['set_cri', 'set_speed'], '2': ['set_cri_dmg', 'set_penetrate'], '3': ['set_penetrate', 'set_vampire'], '4': ['set_cri', 'set_cri_dmg']}","{'0': '51.43', '1': '47.45', '2': '52.14', '3': '53.33', '4': '49.09'}","['c2011', 'c1153', 'c2090']","['c1103', 'c2011', 'c1153']"
c4123,Ranking: 86 / 333,48,"{'0': ['set_res', 'set_res', 'set_res'], '1': ['set_res', 'set_speed'], '2': ['set_max_hp', 'set_res', 'set_res'], '3': ['set_max_hp', 'set_max_hp', 'set_res'], '4': ['set_counter', 'set_res']}","{'0': '47.65', '1': '46.85', '2': '49.5', '3': '48.42', '4': '50.31'}","['c1153', 'c2011', 'c2090']","['c2011', 'c4158', 'c1129']"
c2085,Ranking: 207 / 333,40.25,"{'0': ['set_immune', 'set_speed'], '1': ['set_speed'], '2': ['set_acc', 'set_speed'], '3': ['set_max_hp', 'set_speed'], '4': ['set_penetrate', 'set_speed']}","{'0': '42.36', '1': '38.27', '2': '37.86', '3': '40', '4': '45.59'}","['c1153', 'c2011', 'c1103']","['c2011', 'c1103', 'c1133']"
c1074,Ranking: 171 / 333,43.03,"{'0': ['set_penetrate', 'set_vampire'], '1': ['set_cri', 'set_vampire'], '2': ['set_vampire'], '3': ['set_immune', 'set_vampire'], '4': ['set_att', 'set_cri']}","{'0': '44.3', '1': '41.11', '2': '45.38', '3': '46.81', '4': '32.56'}","['c2011', 'c1153', 'c1103']","['c1103', 'c2011', 'c2074']"
c1050,Ranking: 158 / 333,43.81,"{'0': ['set_acc', 'set_speed'], '1': ['set_cri', 'set_speed'], '2': ['set_speed'], '3': ['set_cri', 'set_cri_dmg'], '4': ['set_acc', 'set_counter']}","{'0': '43.85', '1': '46.55', '2': '42.73', '3': '34.38', '4': '40.91'}","['c2011', 'c1103', 'c1153']","['c2011', 'c1103', 'c2112']"
c3135,Ranking: 174 / 333,42.99,"{'0': ['set_counter', 'set_res'], '1': ['set_counter', 'set_max_hp'], '2': ['set_max_hp', 'set_speed'], '3': ['set_counter'], '4': ['set_counter', 'set_def']}","{'0': '43.9', '1': '45.95', '2': '80', '3': '40', '4': '66.67'}","['c2109', 'c2011', 'c1103']","['c1102', 'c2039', 'c2011']"
c5024,Ranking: 33 / 333,53.16,"{'0': ['set_acc', 'set_speed'], '1': ['set_speed'], '2': ['set_immune', 'set_speed'], '3': ['set_acc', 'set_att'], '4': ['set_cri', 'set_speed']}","{'0': '53.92', '1': '52.63', '2': '50.59', '3': '50.8', '4': '40.99'}","['c2011', 'c1103', 'c5110']","['c1118', 'c1133', 'c1153']"
c2006,Ranking: 71 / 333,49.36,"{'0': ['set_cri', 'set_speed'], '1': ['set_cri', 'set_cri_dmg'], '2': ['set_speed', 'set_torrent'], '3': ['set_acc', 'set_speed'], '4': ['set_speed']}","{'0': '50.42', '1': '47.34', '2': '60.67', '3': '46.26', '4': '51.68'}","['c2011', 'c1103', 'c1153']","['c2011', 'c1133', 'c1163']"
c4158,Ranking: 17 / 333,55.22,"{'0': ['set_counter', 'set_res'], '1': ['set_counter', 'set_penetrate'], '2': ['set_counter', 'set_torrent'], '3': ['set_counter'], '4': ['set_att', 'set_res']}","{'0': '55.43', '1': '58.08', '2': '57', '3': '53.01', '4': '53.01'}","['c2011', 'c1153', 'c5110']","['c2011', 'c1153', 'c2090']"
c2021,Ranking: 288 / 333,24.63,"{'0': ['set_cri', 'set_speed'], '1': ['set_cri', 'set_cri_dmg'], '2': ['set_acc', 'set_counter'], '3': ['set_att', 'set_cri'], '4': ['set_cri_dmg']}","{'0': '26.67', '1': '15.56', '2': '28.57', '3': '37.5', '4': '42.86'}","['c2011', 'c1103', 'c2066']","['c1118', 'c1125', 'c1091']"
c6014,Ranking: 67 / 333,49.68,"{'0': ['set_acc', 'set_speed'], '1': ['set_speed'], '2': ['set_acc', 'set_acc', 'set_acc'], '3': ['set_immune', 'set_speed'], '4': ['set_max_hp', 'set_speed']}","{'0': '48.94', '1': '53.93', '2': '53.7', '3': '53.85', '4': '50'}","['c2011', 'c5110', 'c1103']","['c1118', 'c1153', 'c5024']"
c3061,Ranking: 8 / 333,60,"{'0': [], '1': [], '2': [], '3': [], '4': []}","{'0': -1, '1': -1, '2': -1, '3': -1, '4': -1}","['c5110', 'c1133', 'c1151']","['c3124', 'c4144', 'c4105']"
c1121,Ranking: 102 / 333,46.98,"{'0': ['set_immune', 'set_speed'], '1': ['set_cri', 'set_speed'], '2': ['set_penetrate', 'set_speed'], '3': ['set_cri', 'set_immune', 'set_penetrate'], '4': ['set_res', 'set_speed']}","{'0': '47.9', '1': '44.94', '2': '47.88', '3': '44.85', '4': '56.15'}","['c2011', 'c1103', 'c1153']","['c2011', 'c1103', 'c1153']"
c1143,Ranking: 65 / 333,49.77,"{'0': ['set_speed'], '1': ['set_res', 'set_speed'], '2': ['set_max_hp', 'set_speed'], '3': ['set_cri', 'set_speed'], '4': ['set_immune', 'set_speed']}","{'0': '51.62', '1': '48.21', '2': '48.79', '3': '54.2', '4': '46.11'}","['c2011', 'c1103', 'c2066']","['c2011', 'c2024', 'c1133']"
c1069,Ranking: 183 / 333,42.17,"{'0': ['set_counter', 'set_res'], '1': ['set_cri', 'set_cri_dmg'], '2': ['set_cri', 'set_speed'], '3': ['set_speed', 'set_torrent'], '4': ['set_att', 'set_penetrate']}","{'0': '41.75', '1': '36.36', '2': '38.46', '3': '47.83', '4': '66.67'}","['c2011', 'c1153', 'c2090']","['c4144', 'c1133', 'c2103']"
c3157,Ranking: 121 / 333,45.63,"{'0': ['set_acc', 'set_speed'], '1': ['set_cri', 'set_speed'], '2': ['set_speed'], '3': ['set_acc', 'set_acc', 'set_res'], '4': ['set_cri_dmg', 'set_torrent']}","{'0': '51.37', '1': '37.5', '2': '28.57', '3': '100', '4': '7.69'}","['c2011', 'c1103', 'c5110']","['c1118', 'c2048', 'c2090']"
c1070,Ranking: 117 / 333,45.91,"{'0': ['set_max_hp', 'set_max_hp', 'set_max_hp'], '1': ['set_max_hp', 'set_speed'], '2': ['set_immune', 'set_speed'], '3': ['set_def', 'set_max_hp', 'set_max_hp'], '4': ['set_res', 'set_speed']}","{'0': '46.45', '1': '46.5', '2': '50', '3': '41.03', '4': '47.87'}","['c2011', 'c1103', 'c1153']","['c1153', 'c1103', 'c2011']"
c4041,Ranking: 299 / 333,16.67,"{'0': ['set_max_hp', 'set_speed'], '1': ['set_speed'], '2': ['set_res', 'set_speed'], '3': ['set_cri', 'set_speed'], '4': ['set_max_hp', 'set_max_hp', 'set_max_hp']}","{'0': '20', '1': '20', '2': '20', '3': '0', '4': '0'}","['c2011', 'c1103', 'c1118']","['c1055', 'c1103', 'c1145']"
c1048,Ranking: 107 / 333,46.64,"{'0': ['set_acc', 'set_speed'], '1': ['set_speed'], '2': ['set_immune', 'set_speed'], '3': ['set_cri', 'set_speed'], '4': ['set_cri', 'set_cri_dmg']}","{'0': '46.01', '1': '57.63', '2': '58.06', '3': '28.26', '4': '44.83'}","['c2011', 'c1103', 'c1153']","['c2090', 'c1103', 'c5024']"
c3134,Ranking: 260 / 333,32.56,"{'0': ['set_counter', 'set_max_hp'], '1': ['set_acc', 'set_speed'], '2': ['set_acc'], '3': ['set_speed'], '4': ['set_max_hp', 'set_max_hp', 'set_max_hp']}","{'0': '38.89', '1': '20', '2': '25', '3': '33.33', '4': '100'}","['c2011', 'c1153', 'c2090']","['c1022', 'c1104', 'c2023']"
c2020,Ranking: 124 / 333,45.4,"{'0': ['set_cri', 'set_speed'], '1': ['set_cri', 'set_cri_dmg'], '2': ['set_speed', 'set_torrent'], '3': ['set_speed'], '4': ['set_penetrate', 'set_speed']}","{'0': '46.72', '1': '39.85', '2': '53.9', '3': '40', '4': '53.33'}","['c2011', 'c2066', 'c1103']","['c1014', 'c1118', 'c1133']"
c2080,Ranking: 151 / 333,44.31,"{'0': ['set_cri', 'set_cri_dmg'], '1': ['set_att', 'set_cri'], '2': ['set_cri_dmg', 'set_torrent'], '3': ['set_cri_dmg', 'set_penetrate'], '4': ['set_cri', 'set_speed']}","{'0': '44.97', '1': '38.69', '2': '48.88', '3': '46.2', '4': '54.97'}","['c2011', 'c1103', 'c5110']","['c1118', 'c1133', 'c1055']"
c3152,Ranking: 308 / 333,0,"{'0': [], '1': [], '2': [], '3': [], '4': []}","{'0': -1, '1': -1, '2': -1, '3': -1, '4': -1}",[],[]
c2112,Ranking: 18 / 333,55.16,"{'0': ['set_acc', 'set_speed'], '1': ['set_speed'], '2': ['set_max_hp', 'set_speed'], '3': ['set_cri', 'set_speed'], '4': ['set_immune', 'set_speed']}","{'0': '55', '1': '55.98', '2': '51.52', '3': '54.8', '4': '52.79'}","['c1103', 'c2011', 'c1153']","['c1055', 'c2011', 'c2042']"
c3025,,,"{'0': [], '1': [], '2': [], '3': [], '4': []}","{'0': -1, '1': -1, '2': -1, '3': -1, '4': -1}",[],"['c3105', 'c4073', 'c2106']"
c3125,Ranking: 275 / 333,29.18,"{'0': ['set_penetrate'], '1': [], '2': [], '3': [], '4': []}","{'0': '35.29', '1': -1, '2': -1, '3': -1, '4': -1}","['c5110', 'c2011', 'c1153']","['c1153', 'c4158', 'c2011']"
c3072,Ranking: 305 / 333,12.5,"{'0': [], '1': [], '2': [], '3': [], '4': []}","{'0': -1, '1': -1, '2': -1, '3': -1, '4': -1}",[],[]
c3045,Ranking: 54 / 333,50,"{'0': [], '1': [], '2': [], '3': [], '4': []}","{'0': -1, '1': -1, '2': -1, '3': -1, '4': -1}","['c6062', 'c2089', 'c1055']","['c2088', 'c1117', 'c3155']"
c4052,Ranking: 149 / 333,44.38,"{'0': ['set_acc', 'set_speed'], '1': ['set_speed'], '2': ['set_cri', 'set_speed'], '3': ['set_immune', 'set_speed'], '4': ['set_cri']}","{'0': '44.72', '1': '32', '2': '41.18', '3': '70', '4': '66.67'}","['c2011', 'c2090', 'c1103']","['c4158', 'c4144', 'c3015']"
c1100,Ranking: 89 / 333,47.73,"{'0': ['set_penetrate', 'set_speed'], '1': ['set_penetrate', 'set_scar'], '2': ['set_max_hp', 'set_speed'], '3': ['set_cri_dmg', 'set_penetrate'], '4': ['set_cri', 'set_speed']}","{'0': '49.12', '1': '45.39', '2': '50.9', '3': '50.3', '4': '44.57'}","['c2011', 'c1153', 'c2106']","['c1153', 'c2090', 'c2011']"
c1155,Ranking: 244 / 333,34.8,"{'0': ['set_acc', 'set_speed'], '1': ['set_counter'], '2': ['set_acc', 'set_res', 'set_res'], '3': ['set_max_hp', 'set_speed'], '4': ['set_acc', 'set_max_hp', 'set_res']}","{'0': '30.65', '1': '44.9', '2': '52.63', '3': '33.33', '4': '80'}","['c2011', 'c1153', 'c1103']","['c2106', 'c1153', 'c1103']"
c2090,Ranking: 47 / 333,50.82,"{'0': ['set_acc', 'set_speed'], '1': ['set_res', 'set_speed'], '2': ['set_max_hp', 'set_speed'], '3': ['set_speed'], '4': ['set_immune', 'set_speed']}","{'0': '50', '1': '54.26', '2': '52.58', '3': '48.21', '4': '56.96'}","['c2011', 'c1103', 'c1153']","['c2011', 'c1153', 'c1103']"
c0002,Ranking: 133 / 333,45.06,"{'0': ['set_cri', 'set_speed'], '1': ['set_counter', 'set_cri'], '2': ['set_cri', 'set_cri_dmg'], '3': ['set_att', 'set_cri'], '4': ['set_counter']}","{'0': '46.06', '1': '48.6', '2': '45.06', '3': '40.88', '4': '48.06'}","['c2011', 'c1103', 'c1153']","['c2011', 'c1103', 'c2090']"
c1130,Ranking: 28 / 333,53.81,"{'0': ['set_penetrate', 'set_speed'], '1': ['set_cri', 'set_speed'], '2': ['set_cri_dmg', 'set_penetrate'], '3': ['set_att', 'set_cri'], '4': ['set_cri', 'set_cri_dmg']}","{'0': '55.12', '1': '47.84', '2': '54.67', '3': '54.8', '4': '55.15'}","['c2011', 'c1153', 'c1103']","['c1133', 'c1118', 'c2102']"
c1040,Ranking: 303 / 333,14.29,"{'0': [], '1': [], '2': [], '3': [], '4': []}","{'0': -1, '1': -1, '2': -1, '3': -1, '4': -1}","['c1153', 'c2007', 'c2042']","['c1103', 'c1133', 'c2106']"
c2082,Ranking: 43 / 333,51.24,"{'0': ['set_cri', 'set_speed'], '1': ['set_penetrate', 'set_speed'], '2': ['set_speed'], '3': ['set_acc', 'set_speed'], '4': ['set_speed', 'set_torrent']}","{'0': '48.55', '1': '54.58', '2': '56.94', '3': '40.77', '4': '46.34'}","['c2011', 'c1103', 'c5110']","['c2011', 'c1133', 'c2066']"
c1014,Ranking: 48 / 333,50.81,"{'0': ['set_penetrate', 'set_speed'], '1': ['set_cri', 'set_speed'], '2': ['set_speed'], '3': ['set_cri', 'set_rage'], '4': ['set_speed', 'set_torrent']}","{'0': '52.31', '1': '49.62', '2': '49.85', '3': '36.45', '4': '48.39'}","['c2011', 'c1103', 'c2066']","['c1118', 'c1133', 'c2024']"
c3003,Ranking: 308 / 333,0,"{'0': [], '1': [], '2': [], '3': [], '4': []}","{'0': -1, '1': -1, '2': -1, '3': -1, '4': -1}","['c2011', 'c1159', 'c3165']","['c3053', 'c1018', 'c3033']"
c1115,Ranking: 289 / 333,24.59,"{'0': ['set_att', 'set_cri'], '1': ['set_max_hp', 'set_speed'], '2': ['set_cri', 'set_speed'], '3': ['set_cri', 'set_cri_dmg'], '4': ['set_att']}","{'0': '27.27', '1': '27.27', '2': '14.29', '3': '66.67', '4': '25'}","['c2011', 'c5110', 'c1153']","['c1153', 'c2007', 'c4144']"
c6017,Ranking: 157 / 333,43.95,"{'0': ['set_res', 'set_speed'], '1': ['set_max_hp', 'set_speed'], '2': ['set_speed'], '3': ['set_max_hp', 'set_max_hp', 'set_res'], '4': ['set_immune', 'set_speed']}","{'0': '44.78', '1': '42.1', '2': '43.01', '3': '44.27', '4': '42.16'}","['c2066', 'c1153', 'c2011']","['c2011', 'c2090', 'c1103']"
c2106,Ranking: 10 / 333,59.44,"{'0': ['set_max_hp', 'set_speed'], '1': ['set_max_hp', 'set_max_hp', 'set_max_hp'], '2': ['set_counter', 'set_max_hp'], '3': ['set_speed'], '4': ['set_max_hp', 'set_max_hp']}","{'0': '59.87', '1': '58.35', '2': '60.28', '3': '55.13', '4': '56.3'}","['c2011', 'c2090', 'c1153']","['c2011', 'c1153', 'c1103']"
c1013,Ranking: 308 / 333,0,"{'0': [], '1': [], '2': [], '3': [], '4': []}","{'0': -1, '1': -1, '2': -1, '3': -1, '4': -1}","['c4158', 'c2011', 'c1100']","['c1153', 'c2019', 'c2042']"
c3033,Ranking: 308 / 333,0,"{'0': [], '1': [], '2': [], '3': [], '4': []}","{'0': -1, '1': -1, '2': -1, '3': -1, '4': -1}","['c1118', 'c1102', 'c2089']","['c2014', 'c4013', 'c3121']"
c2005,Ranking: 277 / 333,28.57,"{'0': ['set_cri', 'set_speed'], '1': ['set_att'], '2': ['set_cri', 'set_penetrate'], '3': ['set_att', 'set_cri'], '4': ['set_cri', 'set_cri_dmg']}","{'0': '50', '1': '50', '2': '0', '3': '0', '4': '0'}","['c1103', 'c1055', 'c5110']","['c2007', 'c1118', 'c2090']"
c1127,Ranking: 130 / 333,45.11,"{'0': ['set_penetrate', 'set_speed'], '1': ['set_cri', 'set_speed'], '2': ['set_immune', 'set_speed'], '3': ['set_speed'], '4': ['set_cri', 'set_cri_dmg']}","{'0': '47.16', '1': '44.25', '2': '46.43', '3': '29.91', '4': '57.14'}","['c2011', 'c1103', 'c2090']","['c2112', 'c1103', 'c1055']"
c1008,Ranking: 127 / 333,45.21,"{'0': ['set_counter', 'set_def'], '1': ['set_counter', 'set_cri'], '2': ['set_counter', 'set_immune'], '3': ['set_counter'], '4': ['set_cri_dmg', 'set_def']}","{'0': '42.25', '1': '38.98', '2': '57.14', '3': '60', '4': '61.11'}","['c1103', 'c1153', 'c2011']","['c2011', 'c4158', 'c2113']"
c1081,Ranking: 191 / 333,41.56,"{'0': ['set_acc', 'set_speed'], '1': ['set_cri', 'set_speed'], '2': ['set_speed'], '3': ['set_res', 'set_speed'], '4': ['set_max_hp', 'set_speed']}","{'0': '41.52', '1': '48.25', '2': '38.32', '3': '23.81', '4': '66.67'}","['c2011', 'c1103', 'c5110']","['c1133', 'c5024', 'c1151']"
c5016,Ranking: 192 / 333,41.41,"{'0': ['set_cri', 'set_speed'], '1': ['set_max_hp', 'set_speed'], '2': ['set_immune', 'set_speed'], '3': ['set_speed'], '4': ['set_acc', 'set_speed']}","{'0': '43.63', '1': '45', '2': '40.23', '3': '54.29', '4': '41.46'}","['c2066', 'c1153', 'c2011']","['c2024', 'c2011', 'c1103']"
c2038,,,"{'0': ['set_cri', 'set_speed'], '1': ['set_cri_dmg', 'set_penetrate'], '2': ['set_penetrate', 'set_vampire'], '3': ['set_cri', 'set_cri_dmg'], '4': ['set_cri', 'set_vampire']}","{'0': '42.93', '1': '43.88', '2': '53.1', '3': '42.81', '4': '45.81'}","['c2011', 'c5110', 'c1153']","['c1153', 'c2090', 'c2042']"
c1080,Ranking: 126 / 333,45.34,"{'0': ['set_cri', 'set_speed'], '1': ['set_speed'], '2': ['set_penetrate', 'set_speed'], '3': ['set_speed', 'set_torrent'], '4': ['set_cri', 'set_cri_dmg']}","{'0': '45.27', '1': '54.02', '2': '37.91', '3': '58.93', '4': '22.22'}","['c2011', 'c1103', 'c2066']","['c1118', 'c1133', 'c1112']"
c2109,Ranking: 63 / 333,49.8,"{'0': ['set_counter', 'set_cri'], '1': ['set_counter', 'set_penetrate'], '2': ['set_counter', 'set_immune'], '3': ['set_coop', 'set_counter'], '4': ['set_counter']}","{'0': '49.04', '1': '50.28', '2': '53.31', '3': '51.29', '4': '50.56'}","['c2011', 'c1153', 'c2090']","['c1153', 'c2011', 'c1103']"
c1158,Ranking: 227 / 333,38.04,"{'0': ['set_cri_dmg', 'set_penetrate'], '1': ['set_cri', 'set_cri_dmg'], '2': ['set_penetrate', 'set_speed'], '3': ['set_cri', 'set_speed'], '4': ['set_cri_dmg', 'set_torrent']}","{'0': '39.6', '1': '34.61', '2': '34.79', '3': '38.42', '4': '43.68'}","['c2011', 'c1103', 'c2109']","['c1133', 'c1118', 'c1103']"
c1076,Ranking: 180 / 333,42.31,"{'0': ['set_res', 'set_speed'], '1': ['set_max_hp', 'set_speed'], '2': ['set_speed'], '3': ['set_immune', 'set_speed'], '4': ['set_max_hp', 'set_max_hp', 'set_max_hp']}","{'0': '45.18', '1': '39.78', '2': '34.73', '3': '37.16', '4': '39.29'}","['c1153', 'c2011', 'c1103']","['c2011', 'c1103', 'c2106']"
c3156,Ranking: 308 / 333,0,"{'0': [], '1': [], '2': [], '3': [], '4': []}","{'0': -1, '1': -1, '2': -1, '3': -1, '4': -1}","['c4144', 'c2007', 'c2112']","['c3121', 'c3158', 'c3075']"
c1099,Ranking: 152 / 333,44.12,"{'0': ['set_acc', 'set_speed'], '1': ['set_speed'], '2': ['set_max_hp', 'set_speed'], '3': ['set_res', 'set_speed'], '4': ['set_immune', 'set_speed']}","{'0': '43.08', '1': '48.84', '2': '87.5', '3': '33.33', '4': '33.33'}","['c2011', 'c1103', 'c5110']","['c1103', 'c2011', 'c1111']"
c4143,Ranking: 306 / 333,10.53,"{'0': ['set_cri', 'set_speed'], '1': ['set_cri', 'set_cri_dmg'], '2': ['set_cri'], '3': ['set_att'], '4': ['set_penetrate', 'set_speed']}","{'0': '18.18', '1': '0', '2': '0', '3': '0', '4': '0'}","['c2066', 'c1133', 'c5110']","['c1103', 'c2011', 'c1055']"
c1124,Ranking: 239 / 333,36.36,"{'0': ['set_penetrate', 'set_speed'], '1': ['set_att', 'set_penetrate'], '2': ['set_speed'], '3': ['set_att'], '4': ['set_att', 'set_res']}","{'0': '37.57', '1': '34.85', '2': '34.29', '3': '50', '4': '34.78'}","['c2011', 'c2106', 'c4004']","['c1133', 'c1153', 'c1151']"
c3084,Ranking: 251 / 333,33.33,"{'0': [], '1': [], '2': [], '3': [], '4': []}","{'0': -1, '1': -1, '2': -1, '3': -1, '4': -1}","['c2007', 'c1133', 'c1153']","['c4004', 'c2038', 'c1153']"
c3153,Ranking: 287 / 333,25,"{'0': [], '1': [], '2': [], '3': [], '4': []}","{'0': -1, '1': -1, '2': -1, '3': -1, '4': -1}","['c2070', 'c2090', 'c2042']","['c4105', 'c4144', 'c3124']"
c1031,Ranking: 262 / 333,32.14,"{'0': [], '1': [], '2': [], '3': [], '4': []}","{'0': -1, '1': -1, '2': -1, '3': -1, '4': -1}","['c2011', 'c2007', 'c2088']","['c2039', 'c2090', 'c1123']"
c1089,Ranking: 113 / 333,46.45,"{'0': ['set_max_hp', 'set_speed'], '1': ['set_immune', 'set_speed'], '2': ['set_cri', 'set_speed'], '3': ['set_cri_dmg', 'set_max_hp'], '4': ['set_penetrate', 'set_speed']}","{'0': '44.69', '1': '48.46', '2': '48.23', '3': '53.15', '4': '51.02'}","['c2011', 'c1153', 'c2090']","['c2011', 'c1103', 'c1153']"
c2010,Ranking: 206 / 333,40.4,"{'0': ['set_cri', 'set_vampire'], '1': ['set_acc', 'set_vampire'], '2': ['set_vampire'], '3': ['set_max_hp', 'set_vampire'], '4': ['set_torrent', 'set_vampire']}","{'0': '40', '1': '41.62', '2': '41.84', '3': '39.22', '4': '52.17'}","['c1153', 'c2090', 'c2011']","['c2011', 'c1103', 'c1153']"
c2070,Ranking: 35 / 333,52.62,"{'0': ['set_max_hp', 'set_speed'], '1': ['set_immune', 'set_speed'], '2': ['set_max_hp', 'set_max_hp', 'set_max_hp'], '3': ['set_res', 'set_speed'], '4': ['set_max_hp', 'set_vampire']}","{'0': '52.92', '1': '54.05', '2': '49.69', '3': '55.68', '4': '52.12'}","['c2011', 'c1153', 'c5110']","['c1153', 'c2090', 'c1103']"
c1023,Ranking: 163 / 333,43.58,"{'0': ['set_counter', 'set_res'], '1': ['set_counter', 'set_immune'], '2': ['set_counter', 'set_cri'], '3': ['set_counter'], '4': ['set_counter', 'set_torrent']}","{'0': '45.28', '1': '47.29', '2': '41.4', '3': '41.8', '4': '47.44'}","['c2011', 'c1103', 'c1153']","['c2011', 'c1055', 'c1103']"
c1146,Ranking: 147 / 333,44.45,"{'0': ['set_cri', 'set_speed'], '1': ['set_cri', 'set_cri_dmg'], '2': ['set_penetrate', 'set_speed'], '3': ['set_cri_dmg', 'set_penetrate'], '4': ['set_att', 'set_cri']}","{'0': '42.75', '1': '42.4', '2': '44.77', '3': '48.32', '4': '40.43'}","['c2090', 'c2011', 'c1151']","['c1103', 'c2011', 'c6037']"
c1110,Ranking: 150 / 333,44.32,"{'0': ['set_acc', 'set_speed'], '1': ['set_speed'], '2': ['set_cri', 'set_speed'], '3': ['set_max_hp', 'set_speed'], '4': ['set_immune', 'set_speed']}","{'0': '44.74', '1': '47.39', '2': '35.99', '3': '36.52', '4': '48.94'}","['c1103', 'c2011', 'c1153']","['c2011', 'c1103', 'c1111']"
c3131,Ranking: 1 / 333,100,"{'0': [], '1': [], '2': [], '3': [], '4': []}","{'0': -1, '1': -1, '2': -1, '3': -1, '4': -1}","['c1112', 'c1133', 'c2069']","['c2109', 'c2042', 'c2090']"
c1141,Ranking: 138 / 333,44.75,"{'0': ['set_acc', 'set_speed'], '1': ['set_cri', 'set_speed'], '2': ['set_speed'], '3': ['set_acc', 'set_counter'], '4': ['set_immune', 'set_speed']}","{'0': '46.03', '1': '41.18', '2': '39.26', '3': '48', '4': '37.04'}","['c2011', 'c1103', 'c1153']","['c1133', 'c2011', 'c2090']"
c1107,Ranking: 215 / 333,39.34,"{'0': ['set_max_hp', 'set_speed'], '1': ['set_res', 'set_speed'], '2': ['set_max_hp', 'set_res'], '3': ['set_speed'], '4': ['set_counter', 'set_res']}","{'0': '53.85', '1': '39.13', '2': '100', '3': '0', '4': '0'}","['c1153', 'c2011', 'c5110']","['c1055', 'c1037', 'c3094']"
c1132,Ranking: 211 / 333,39.83,"{'0': ['set_acc', 'set_speed'], '1': ['set_counter', 'set_res'], '2': ['set_acc', 'set_counter'], '3': ['set_res', 'set_speed'], '4': ['set_counter', 'set_max_hp']}","{'0': '39.81', '1': '44.71', '2': '40.19', '3': '36.7', '4': '39.53'}","['c2011', 'c1153', 'c1103']","['c2090', 'c1153', 'c1103']"
c3063,Ranking: 285 / 333,26.67,"{'0': [], '1': [], '2': [], '3': [], '4': []}","{'0': -1, '1': -1, '2': -1, '3': -1, '4': -1}","['c2011', 'c1103', 'c1153']","['c1151', 'c2090', 'c1103']"
c1071,Ranking: 247 / 333,34.58,"{'0': ['set_cri', 'set_speed'], '1': ['set_cri', 'set_cri_dmg'], '2': ['set_acc', 'set_speed'], '3': ['set_cri_dmg', 'set_penetrate'], '4': ['set_max_hp', 'set_speed']}","{'0': '37.28', '1': '30.23', '2': '25.93', '3': '50', '4': '41.67'}","['c2011', 'c1103', 'c1153']","['c2011', 'c1153', 'c1103']"
c1105,Ranking: 193 / 333,41.38,"{'0': ['set_penetrate', 'set_speed'], '1': ['set_cri', 'set_speed'], '2': ['set_acc', 'set_speed'], '3': ['set_speed'], '4': ['set_acc', 'set_cri', 'set_penetrate']}","{'0': '40.91', '1': '50', '2': '50', '3': '50', '4': '0'}","['c1103', 'c1133', 'c2066']","['c2042', 'c1142', 'c1014']"
c1030,Ranking: 144 / 333,44.51,"{'0': ['set_cri', 'set_speed'], '1': ['set_speed', 'set_torrent'], '2': ['set_cri', 'set_cri_dmg'], '3': ['set_penetrate', 'set_speed'], '4': ['set_immune', 'set_vampire']}","{'0': '46.21', '1': '45.16', '2': '36.67', '3': '44.44', '4': '50'}","['c2011', 'c1103', 'c1153']","['c1091', 'c2048', 'c1019']"
c1136,Ranking: 180 / 333,42.31,"{'0': [], '1': [], '2': [], '3': [], '4': []}","{'0': -1, '1': -1, '2': -1, '3': -1, '4': -1}","['c1104', 'c1153', 'c1103']","['c1134', 'c5110', 'c5089']"
c1148,Ranking: 159 / 333,43.78,"{'0': ['set_res', 'set_speed'], '1': ['set_max_hp', 'set_speed'], '2': ['set_counter', 'set_res'], '3': ['set_speed'], '4': ['set_acc', 'set_speed']}","{'0': '44.25', '1': '42.76', '2': '42.91', '3': '46.03', '4': '42'}","['c2011', 'c2109', 'c2016']","['c1153', 'c1103', 'c2011']"
c1140,Ranking: 272 / 333,29.69,"{'0': ['set_acc', 'set_speed'], '1': ['set_speed'], '2': ['set_cri_dmg', 'set_penetrate'], '3': ['set_res', 'set_speed'], '4': ['set_max_hp', 'set_speed']}","{'0': '32.43', '1': '36.36', '2': '66.67', '3': '25', '4': '0'}","['c2011', 'c5110', 'c2042']","['c2039', 'c1133', 'c1153']"
c1093,Ranking: 259 / 333,32.67,"{'0': ['set_acc', 'set_speed'], '1': ['set_cri', 'set_cri_dmg'], '2': ['set_penetrate', 'set_speed'], '3': ['set_cri', 'set_cri', 'set_penetrate'], '4': ['set_cri_dmg', 'set_penetrate']}","{'0': '37.04', '1': '35.71', '2': '50', '3': '60', '4': '25'}","['c2066', 'c2011', 'c1103']","['c1142', 'c1153', 'c1133']"
c1095,Ranking: 208 / 333,40,"{'0': ['set_penetrate', 'set_speed'], '1': ['set_cri', 'set_speed'], '2': ['set_cri_dmg', 'set_penetrate'], '3': ['set_cri', 'set_cri_dmg'], '4': ['set_immune', 'set_speed']}","{'0': '43.59', '1': '37.04', '2': '75', '3': '23.53', '4': '22.22'}","['c2011', 'c1153', 'c2007']","['c1163', 'c1099', 'c1103']"
c3162,Ranking: 218 / 333,39.02,"{'0': [], '1': [], '2': [], '3': [], '4': []}","{'0': -1, '1': -1, '2': -1, '3': -1, '4': -1}","['c2011', 'c1151', 'c1103']","['c2011', 'c1161', 'c1145']"
c1160,Ranking: 250 / 333,34.22,"{'0': ['set_acc', 'set_speed'], '1': ['set_res', 'set_speed'], '2': ['set_max_hp', 'set_speed'], '3': ['set_speed'], '4': ['set_acc', 'set_res', 'set_res']}","{'0': '37.85', '1': '25', '2': '50', '3': '50', '4': '12.5'}","['c2011', 'c1153', 'c1103']","['c1055', 'c2112', 'c1089']"
c2043,Ranking: 83 / 333,48.11,"{'0': ['set_acc', 'set_speed'], '1': ['set_speed'], '2': ['set_acc', 'set_counter'], '3': ['set_acc'], '4': ['set_max_hp', 'set_speed']}","{'0': '47.83', '1': '47.12', '2': '51.4', '3': '50.82', '4': '46.15'}","['c1133', 'c2011', 'c2112']","['c1153', 'c2011', 'c2090']"
c4012,Ranking: 299 / 333,16.67,"{'0': ['set_cri', 'set_cri_dmg'], '1': ['set_penetrate', 'set_speed'], '2': ['set_cri_dmg'], '3': ['set_att', 'set_cri'], '4': ['set_penetrate', 'set_rage']}","{'0': '33.33', '1': '0', '2': '0', '3': '0', '4': '0'}","['c2011', 'c1159', 'c1153']","['c1153', 'c5110', 'c4144']"
c3021,Ranking: 308 / 333,0,"{'0': [], '1': [], '2': [], '3': [], '4': []}","{'0': -1, '1': -1, '2': -1, '3': -1, '4': -1}","['c2042', 'c2011', 'c2095']","['c2106', 'c2095', 'c3132']"
c1090,Ranking: 236 / 333,36.75,"{'0': ['set_max_hp', 'set_speed'], '1': ['set_res', 'set_speed'], '2': ['set_counter', 'set_res'], '3': ['set_max_hp', 'set_res', 'set_res'], '4': ['set_speed']}","{'0': '36.13', '1': '39.29', '2': '66.67', '3': '21.21', '4': '46.15'}","['c2090', 'c1153', 'c2066']","['c2011', 'c1153', 'c2109']"
c2012,Ranking: 184 / 333,42.08,"{'0': ['set_max_hp', 'set_max_hp', 'set_max_hp'], '1': ['set_max_hp', 'set_speed'], '2': ['set_def', 'set_max_hp', 'set_max_hp'], '3': ['set_max_hp', 'set_max_hp', 'set_res'], '4': ['set_speed']}","{'0': '42.72', '1': '43.47', '2': '40.91', '3': '46.99', '4': '39.62'}","['c2011', 'c1153', 'c1103']","['c1153', 'c1103', 'c2011']"
c3031,Ranking: 54 / 333,50,"{'0': [], '1': [], '2': [], '3': [], '4': []}","{'0': -1, '1': -1, '2': -1, '3': -1, '4': -1}","['c4004', 'c1155', 'c5110']","['c3157', 'c4105', 'c3156']"
c4003,Ranking: 229 / 333,37.7,"{'0': ['set_max_hp', 'set_speed'], '1': ['set_def', 'set_speed'], '2': ['set_acc', 'set_speed'], '3': ['set_res', 'set_speed'], '4': ['set_counter', 'set_max_hp']}","{'0': '34.29', '1': '81.82', '2': '37.5', '3': '42.86', '4': '50'}","['c2011', 'c1153', 'c5110']","['c2066', 'c2011', 'c1153']"
c3075,Ranking: 276 / 333,29.12,"{'0': ['set_max_hp', 'set_max_hp', 'set_max_hp'], '1': ['set_counter', 'set_immune'], '2': ['set_acc', 'set_speed'], '3': ['set_immune', 'set_shield'], '4': ['set_max_hp', 'set_speed']}","{'0': '28.06', '1': '42.31', '2': '20', '3': '100', '4': '0'}","['c2011', 'c1103', 'c2090']","['c2047', 'c1153', 'c1148']"
c1004,Ranking: 208 / 333,40,"{'0': [], '1': [], '2': [], '3': [], '4': []}","{'0': -1, '1': -1, '2': -1, '3': -1, '4': -1}","['c1103', 'c2066', 'c2011']","['c2103', 'c1150', 'c2090']"
c3035,,,"{'0': [], '1': [], '2': [], '3': [], '4': []}","{'0': -1, '1': -1, '2': -1, '3': -1, '4': -1}",[],[]
c1163,Ranking: 44 / 333,51.2,"{'0': ['set_res', 'set_speed'], '1': ['set_speed'], '2': ['set_max_hp', 'set_speed'], '3': ['set_immune', 'set_speed'], '4': ['set_acc', 'set_speed']}","{'0': '52.03', '1': '53.62', '2': '47.08', '3': '51.52', '4': '51.73'}","['c2011', 'c1103', 'c1153']","['c2066', 'c2011', 'c2024']"
c1032,Ranking: 204 / 301,37.5,"{'0': [], '1': [], '2': [], '3': [], '4': []}","{'0': -1, '1': -1, '2': -1, '3': -1, '4': -1}","['c2042', 'c5110', 'c2090']","['c2113', 'c2079', 'c2086']"
c2102,,,"{'0': ['set_acc', 'set_acc', 'set_acc'], '1': ['set_acc', 'set_att'], '2': ['set_acc', 'set_acc'], '3': ['set_acc'], '4': ['set_acc', 'set_acc', 'set_torrent']}","{'0': '53.88', '1': '51.32', '2': '58.72', '3': '50.69', '4': '56.51'}","['c2011', 'c1103', 'c1153']","['c1133', 'c1118', 'c2066']"
c1145,Ranking: 203 / 333,40.57,"{'0': ['set_max_hp', 'set_max_hp', 'set_max_hp'], '1': ['set_counter', 'set_max_hp'], '2': ['set_max_hp', 'set_speed'], '3': ['set_counter', 'set_penetrate'], '4': ['set_counter', 'set_cri']}","{'0': '41.96', '1': '38.92', '2': '40.35', '3': '39.94', '4': '38.89'}","['c2011', 'c1103', 'c1153']","['c1103', 'c2011', 'c1153']"
c5046,Ranking: 31 / 333,53.29,"{'0': ['set_max_hp', 'set_speed'], '1': ['set_acc', 'set_speed'], '2': ['set_speed'], '3': ['set_max_hp', 'set_penetrate'], '4': ['set_max_hp', 'set_max_hp', 'set_max_hp']}","{'0': '53.89', '1': '53.96', '2': '54.1', '3': '40.96', '4': '54.02'}","['c2011', 'c1153', 'c2042']","['c1153', 'c1133', 'c1118']"
c1003,Ranking: 246 / 333,34.62,"{'0': ['set_max_hp', 'set_speed'], '1': ['set_counter', 'set_max_hp'], '2': ['set_acc', 'set_speed'], '3': ['set_def', 'set_speed'], '4': ['set_max_hp', 'set_max_hp', 'set_max_hp']}","{'0': '37.14', '1': '75', '2': '50', '3': '100', '4': '0'}","['c2066', 'c1153', 'c1103']","['c2011', 'c2042', 'c1019']"
c1111,Ranking: 39 / 333,51.47,"{'0': ['set_cri', 'set_speed'], '1': ['set_acc', 'set_speed'], '2': ['set_speed'], '3': ['set_cri', 'set_cri_dmg'], '4': ['set_speed', 'set_torrent']}","{'0': '50.93', '1': '54.72', '2': '51.09', '3': '49.56', '4': '64.64'}","['c2011', 'c1103', 'c5110']","['c1118', 'c2066', 'c2011']"
c2072,Ranking: 230 / 333,37.6,"{'0': ['set_cri', 'set_speed'], '1': ['set_speed'], '2': ['set_penetrate', 'set_speed'], '3': ['set_speed', 'set_torrent'], '4': ['set_immune', 'set_speed']}","{'0': '38.5', '1': '57.69', '2': '16.67', '3': '41.67', '4': '66.67'}","['c2011', 'c1103', 'c2106']","['c6037', 'c2046', 'c2112']"
c5089,Ranking: 115 / 333,46.29,"{'0': ['set_speed', 'set_torrent'], '1': ['set_penetrate', 'set_speed'], '2': ['set_speed'], '3': ['set_cri', 'set_speed'], '4': ['set_cri_dmg', 'set_torrent']}","{'0': '48.24', '1': '42.43', '2': '41.04', '3': '33.48', '4': '44.77'}","['c2106', 'c2011', 'c1103']","['c2011', 'c1153', 'c1103']"
c1053,Ranking: 222 / 333,38.52,"{'0': ['set_acc', 'set_speed'], '1': ['set_speed'], '2': ['set_cri', 'set_speed'], '3': ['set_immune', 'set_speed'], '4': ['set_max_hp']}","{'0': '30.53', '1': '54.35', '2': '50', '3': '36.36', '4': '33.33'}","['c2011', 'c1103', 'c1153']","['c1037', 'c1044', 'c1110']"
c2111,Ranking: 41 / 333,51.31,"{'0': ['set_acc', 'set_speed'], '1': ['set_speed'], '2': ['set_res', 'set_speed'], '3': ['set_max_hp', 'set_speed'], '4': ['set_immune', 'set_speed']}","{'0': '51.18', '1': '53.05', '2': '60.09', '3': '52.41', '4': '48.57'}","['c5110', 'c2011', 'c1153']","['c2090', 'c1153', 'c2011']"
c3022,Ranking: 308 / 333,0,"{'0': [], '1': [], '2': [], '3': [], '4': []}","{'0': -1, '1': -1, '2': -1, '3': -1, '4': -1}","['m0171', 'c4144', 'c2074']","['c2089', 'c1102', 'c2109']"
c3004,Ranking: 308 / 333,0,"{'0': [], '1': [], '2': [], '3': [], '4': []}","{'0': -1, '1': -1, '2': -1, '3': -1, '4': -1}","['c2039', 'c1074', 'c2054']","['c1153', 'c3124', 'c3034']"
c1159,Ranking: 50 / 333,50.65,"{'0': ['set_max_hp', 'set_speed'], '1': ['set_speed'], '2': ['set_immune', 'set_speed'], '3': ['set_res', 'set_speed'], '4': ['set_max_hp', 'set_max_hp', 'set_max_hp']}","{'0': '50.74', '1': '50.59', '2': '50.3', '3': '50.41', '4': '45.77'}","['c2011', 'c1153', 'c1103']","['c2011', 'c1103', 'c2090']"
c3001,Ranking: 308 / 333,0,"{'0': [], '1': [], '2': [], '3': [], '4': []}","{'0': -1, '1': -1, '2': -1, '3': -1, '4': -1}",[],[]
c6062,Ranking: 85 / 333,48.05,"{'0': ['set_acc', 'set_speed'], '1': ['set_max_hp', 'set_speed'], '2': ['set_speed'], '3': ['set_immune', 'set_speed'], '4': ['set_res', 'set_speed']}","{'0': '48.14', '1': '47.68', '2': '49.47', '3': '48.78', '4': '48.36'}","['c2011', 'c1153', 'c1103']","['c2011', 'c1103', 'c1153']"
c3154,Ranking: 308 / 333,0,"{'0': [], '1': [], '2': [], '3': [], '4': []}","{'0': -1, '1': -1, '2': -1, '3': -1, '4': -1}","['m8041', 'c2029', 'c1019']","['c1018', 'c3157', 'c2019']"
c3095,Ranking: 308 / 333,0,"{'0': [], '1': [], '2': [], '3': [], '4': []}","{'0': -1, '1': -1, '2': -1, '3': -1, '4': -1}","['c2112', 'c3005', 'c2038']","['c1018', 'c2074', 'c3163']"
c2013,Ranking: 67 / 333,49.68,"{'0': ['set_acc', 'set_speed'], '1': ['set_counter', 'set_max_hp'], '2': ['set_max_hp', 'set_speed'], '3': ['set_max_hp', 'set_max_hp', 'set_max_hp'], '4': ['set_immune', 'set_speed']}","{'0': '48.53', '1': '48.83', '2': '46.61', '3': '51.77', '4': '57'}","['c2011', 'c1153', 'c5110']","['c2074', 'c4144', 'c2011']"
c3064,Ranking: 176 / 333,42.79,"{'0': ['set_cri', 'set_speed'], '1': ['set_speed'], '2': ['set_acc', 'set_speed'], '3': ['set_immune', 'set_speed'], '4': ['set_max_hp', 'set_speed']}","{'0': '42.71', '1': '39.61', '2': '48.94', '3': '75', '4': '0'}","['c5110', 'c2066', 'c2011']","['c2011', 'c2004', 'c2080']"
c5050,Ranking: 187 / 333,41.86,"{'0': ['set_acc', 'set_speed'], '1': ['set_speed'], '2': ['set_max_hp', 'set_speed'], '3': ['set_cri', 'set_speed'], '4': ['set_res', 'set_speed']}","{'0': '41.14', '1': '48.58', '2': '43.96', '3': '39.56', '4': '39.58'}","['c2011', 'c1103', 'c5110']","['c2011', 'c1103', 'c2007']"
c1022,,,"{'0': ['set_max_hp', 'set_speed'], '1': ['set_res', 'set_speed'], '2': ['set_max_hp', 'set_max_hp', 'set_max_hp'], '3': ['set_max_hp', 'set_max_hp', 'set_res'], '4': ['set_immune', 'set_speed']}","{'0': '54.03', '1': '58.44', '2': '49.49', '3': '57.3', '4': '54.13'}","['c5110', 'c2011', 'c1104']","['c5110', 'c1104', 'c1153']"
c1103,Ranking: 120 / 333,45.66,"{'0': ['set_cri_dmg', 'set_penetrate'], '1': ['set_penetrate', 'set_speed'], '2': ['set_cri', 'set_cri_dmg'], '3': ['set_att', 'set_penetrate'], '4': ['set_cri', 'set_speed']}","{'0': '46.49', '1': '49.09', '2': '41.17', '3': '44.83', '4': '40.11'}","['c2011', 'c2090', 'c1153']","['c2011', 'c1153', 'c2090']"
c1047,Ranking: 139 / 333,44.68,"{'0': ['set_max_hp', 'set_speed'], '1': ['set_cri', 'set_speed'], '2': ['set_penetrate', 'set_speed'], '3': ['set_counter', 'set_cri'], '4': ['set_counter', 'set_penetrate']}","{'0': '38.46', '1': '53.08', '2': '45.69', '3': '30', '4': '65.22'}","['c2011', 'c1153', 'c1103']","['c1163', 'c1066', 'c1110']"
c3015,Ranking: 21 / 333,54.55,"{'0': ['set_cri_dmg', 'set_torrent'], '1': ['set_counter', 'set_res'], '2': ['set_torrent', 'set_torrent', 'set_torrent'], '3': ['set_cri_dmg', 'set_penetrate'], '4': ['set_cri', 'set_cri_dmg']}","{'0': '48.39', '1': '55.56', '2': '100', '3': '40', '4': '100'}","['c2011', 'c2090', 'c2024']","['c4158', 'c4052', 'c4144']"
c3105,Ranking: 303 / 333,14.29,"{'0': [], '1': [], '2': [], '3': [], '4': []}","{'0': -1, '1': -1, '2': -1, '3': -1, '4': -1}","['c4158', 'c2042', 'c6037']","['c2066', 'c1151', 'c2011']"
c1024,Ranking: 295 / 333,18.94,"{'0': ['set_acc', 'set_speed'], '1': ['set_res', 'set_speed'], '2': ['set_speed'], '3': ['set_cri', 'set_speed'], '4': ['set_penetrate', 'set_speed']}","{'0': '15.19', '1': '37.5', '2': '50', '3': '9.09', '4': '11.11'}","['c2011', 'c1103', 'c1055']","['c1103', 'c2011', 'c4158']"
c3163,Ranking: 205 / 333,40.49,"{'0': ['set_cri', 'set_max_hp', 'set_penetrate'], '1': ['set_cri', 'set_def', 'set_penetrate'], '2': ['set_cri', 'set_speed'], '3': ['set_penetrate', 'set_speed'], '4': ['set_att', 'set_cri']}","{'0': '41.18', '1': '45.45', '2': '28.57', '3': '66.67', '4': '0'}","['c2090', 'c1103', 'c2007']","['c5009', 'c1153', 'c1142']"
c2018,Ranking: 248 / 333,34.57,"{'0': ['set_speed'], '1': ['set_cri', 'set_speed'], '2': ['set_cri', 'set_cri_dmg'], '3': ['set_penetrate', 'set_speed'], '4': ['set_penetrate', 'set_rage']}","{'0': '39.34', '1': '10', '2': '100', '3': '100', '4': '0'}","['c2066', 'c2011', 'c2106']","['c1050', 'c1150', 'c2102']"
c1035,Ranking: 298 / 333,18.18,"{'0': ['set_counter', 'set_max_hp'], '1': ['set_cri_dmg', 'set_immune'], '2': ['set_counter', 'set_cri'], '3': ['set_max_hp', 'set_vampire'], '4': ['set_immune', 'set_vampire']}","{'0': '50', '1': '50', '2': '0', '3': '0', '4': '0'}","['c2112', 'c1133', 'c2113']","['c1159', 'c1153', 'c5111']"
c3014,Ranking: 204 / 333,40.51,"{'0': ['set_penetrate', 'set_vampire'], '1': ['set_cri', 'set_vampire'], '2': ['set_penetrate', 'set_speed'], '3': ['set_cri_dmg'], '4': ['set_cri', 'set_speed']}","{'0': '44.44', '1': '34.78', '2': '50', '3': '0', '4': '0'}","['c2090', 'c2011', 'c1103']","['c2046', 'c2011', 'c2013']"
c1087,Ranking: 296 / 333,18.75,"{'0': ['set_cri', 'set_speed'], '1': ['set_speed'], '2': ['set_acc', 'set_speed'], '3': ['set_res'], '4': ['set_acc', 'set_max_hp']}","{'0': '40', '1': '33.33', '2': '0', '3': '0', '4': '0'}","['c2071', 'c2011', 'c2112']","['c5110', 'c1103', 'c1099']"
c1147,Ranking: 167 / 333,43.17,"{'0': ['set_acc', 'set_speed'], '1': ['set_speed'], '2': ['set_max_hp', 'set_speed'], '3': ['set_immune', 'set_shield'], '4': ['set_res', 'set_speed']}","{'0': '42.48', '1': '41.59', '2': '46.74', '3': '59.09', '4': '46.27'}","['c2011', 'c1153', 'c1103']","['c1151', 'c1103', 'c1159']"
c3164,Ranking: 6 / 333,66.67,"{'0': [], '1': [], '2': [], '3': [], '4': []}","{'0': -1, '1': -1, '2': -1, '3': -1, '4': -1}","['c1153', 'c6037', 'c2016']","['c3165', 'c1091', 'c1132']"
c3102,Ranking: 15 / 333,56.25,"{'0': [], '1': [], '2': [], '3': [], '4': []}","{'0': -1, '1': -1, '2': -1, '3': -1, '4': -1}","['c2011', 'c2106', 'c2090']","['c4052', 'c4158', 'c3015']"
c1072,Ranking: 273 / 333,29.38,"{'0': ['set_cri', 'set_rage'], '1': ['set_cri_dmg', 'set_penetrate'], '2': ['set_penetrate', 'set_rage'], '3': ['set_cri', 'set_cri_dmg'], '4': ['set_att', 'set_cri']}","{'0': '27.71', '1': '53.57', '2': '44.83', '3': '21.95', '4': '8.89'}","['c2011', 'c1153', 'c2007']","['c1103', 'c2011', 'c1153']"
c1010,Ranking: 308 / 333,0,"{'0': [], '1': [], '2': [], '3': [], '4': []}","{'0': -1, '1': -1, '2': -1, '3': -1, '4': -1}","['c2066', 'c2090', 'c5110']","['c1133', 'c1020', 'c1141']"
c1131,Ranking: 119 / 333,45.77,"{'0': ['set_max_hp', 'set_speed'], '1': ['set_max_hp', 'set_max_hp', 'set_max_hp'], '2': ['set_counter', 'set_max_hp'], '3': ['set_max_hp', 'set_max_hp'], '4': ['set_def', 'set_speed']}","{'0': '47.99', '1': '46.13', '2': '37.8', '3': '46.88', '4': '53.73'}","['c2011', 'c5110', 'c1153']","['c1103', 'c1153', 'c5110']"
c5082,Ranking: 109 / 333,46.59,"{'0': ['set_res', 'set_speed'], '1': ['set_max_hp', 'set_speed'], '2': ['set_acc', 'set_speed'], '3': ['set_speed'], '4': ['set_immune', 'set_speed']}","{'0': '47.07', '1': '45.87', '2': '45.28', '3': '44.63', '4': '43.79'}","['c2011', 'c2066', 'c2090']","['c2011', 'c1103', 'c2109']"
c2008,Ranking: 53 / 333,50.29,"{'0': ['set_immune', 'set_shield'], '1': ['set_max_hp', 'set_shield'], '2': ['set_max_hp', 'set_max_hp', 'set_max_hp'], '3': ['set_max_hp', 'set_speed'], '4': ['set_max_hp', 'set_max_hp']}","{'0': '52.74', '1': '54.23', '2': '44.66', '3': '46.83', '4': '46.98'}","['c2011', 'c1153', 'c1103']","['c2090', 'c2011', 'c1153']"
c2016,Ranking: 34 / 333,52.66,"{'0': ['set_cri', 'set_vampire'], '1': ['set_immune', 'set_vampire'], '2': ['set_def', 'set_vampire'], '3': ['set_max_hp', 'set_vampire'], '4': ['set_vampire']}","{'0': '52.71', '1': '57.6', '2': '51.49', '3': '55.13', '4': '50.51'}","['c2011', 'c1153', 'c1103']","['c1153', 'c2011', 'c2090']"
c4023,Ranking: 241 / 333,36,"{'0': ['set_speed'], '1': ['set_acc', 'set_speed'], '2': ['set_cri', 'set_speed'], '3': ['set_res'], '4': ['set_cri_dmg', 'set_penetrate']}","{'0': '45.45', '1': '66.67', '2': '16.67', '3': '0', '4': '0'}","['c1103', 'c2090', 'c2011']","['c2102', 'c1142', 'c5009']"
c3062,Ranking: 308 / 333,0,"{'0': [], '1': [], '2': [], '3': [], '4': []}","{'0': -1, '1': -1, '2': -1, '3': -1, '4': -1}","['c3123', 'c1153', 'c3122']","['c1074', 'c4158', 'c1004']"
c1044,Ranking: 256 / 333,33.22,"{'0': ['set_cri', 'set_speed'], '1': ['set_acc', 'set_speed'], '2': ['set_penetrate', 'set_speed'], '3': ['set_acc', 'set_scar'], '4': ['set_penetrate']}","{'0': '37.38', '1': '32', '2': '32.79', '3': '21.43', '4': '0'}","['c1103', 'c2011', 'c2042']","['c1037', 'c1053', 'c2011']"
c1133,Ranking: 92 / 333,47.54,"{'0': ['set_penetrate', 'set_speed'], '1': ['set_acc', 'set_speed'], '2': ['set_speed'], '3': ['set_cri', 'set_speed'], '4': ['set_speed', 'set_torrent']}","{'0': '47.57', '1': '49.84', '2': '46.23', '3': '44.78', '4': '48.81'}","['c2011', 'c1153', 'c5110']","['c2011', 'c1153', 'c5110']"
c4065,Ranking: 221 / 333,38.55,"{'0': ['set_cri', 'set_speed'], '1': ['set_penetrate', 'set_speed'], '2': ['set_max_hp', 'set_speed'], '3': ['set_acc', 'set_speed'], '4': ['set_speed']}","{'0': '39.29', '1': '39.02', '2': '46.67', '3': '36.36', '4': '21.43'}","['c5110', 'c2011', 'c1153']","['c4144', 'c4158', 'c1125']"
c3054,Ranking: 6 / 333,66.67,"{'0': [], '1': [], '2': [], '3': [], '4': []}","{'0': -1, '1': -1, '2': -1, '3': -1, '4': -1}","['c3121', 'c2054', 'c3075']","['c6037', 'c1153', 'c3034']"
c1117,Ranking: 41 / 333,51.31,"{'0': ['set_counter', 'set_immune'], '1': ['set_counter', 'set_max_hp'], '2': ['set_max_hp', 'set_speed'], '3': ['set_immune', 'set_scar'], '4': ['set_counter', 'set_cri']}","{'0': '51.21', '1': '48.92', '2': '57.93', '3': '50.07', '4': '49.59'}","['c2011', 'c1153', 'c2066']","['c2011', 'c1153', 'c2090']"
c6037,Ranking: 49 / 333,50.72,"{'0': ['set_res', 'set_speed'], '1': ['set_max_hp', 'set_speed'], '2': ['set_immune', 'set_speed'], '3': ['set_speed'], '4': ['set_acc', 'set_speed']}","{'0': '51.14', '1': '48.75', '2': '54.36', '3': '50.23', '4': '49.94'}","['c2090', 'c2011', 'c1151']","['c2011', 'c1103', 'c1055']"
c2036,Ranking: 164 / 333,43.45,"{'0': ['set_max_hp', 'set_speed'], '1': ['set_counter', 'set_res'], '2': ['set_counter', 'set_immune'], '3': ['set_counter', 'set_max_hp'], '4': ['set_immune', 'set_speed']}","{'0': '41.42', '1': '45.15', '2': '38.69', '3': '39.33', '4': '44.55'}","['c2011', 'c1153', 'c1103']","['c2079', 'c1133', 'c1153']"
c2086,Ranking: 274 / 333,29.21,"{'0': ['set_penetrate', 'set_speed'], '1': ['set_cri_dmg', 'set_penetrate'], '2': ['set_cri', 'set_speed'], '3': ['set_att', 'set_penetrate'], '4': ['set_penetrate', 'set_rage']}","{'0': '22', '1': '15', '2': '66.67', '3': '66.67', '4': '100'}","['c5110', 'c2011', 'c2090']","['c2016', 'c1144', 'c6037']"
c2015,Ranking: 118 / 333,45.87,"{'0': ['set_res', 'set_speed'], '1': ['set_acc', 'set_speed'], '2': ['set_max_hp', 'set_speed'], '3': ['set_speed'], '4': ['set_immune', 'set_speed']}","{'0': '49.17', '1': '42', '2': '44.48', '3': '46.91', '4': '51.3'}","['c2011', 'c2066', 'c1133']","['c1133', 'c1153', 'c2011']"
c1153,Ranking: 22 / 333,54.51,"{'0': ['set_cri_dmg', 'set_max_hp'], '1': ['set_cri', 'set_cri_dmg'], '2': ['set_max_hp', 'set_scar'], '3': ['set_acc', 'set_max_hp', 'set_max_hp'], '4': ['set_max_hp', 'set_max_hp', 'set_max_hp']}","{'0': '55.29', '1': '52.79', '2': '58.35', '3': '53.45', '4': '51.25'}","['c2011', 'c5110', 'c2090']","['c2011', 'c5110', 'c2090']"
c1033,,,"{'0': [], '1': [], '2': [], '3': [], '4': []}","{'0': -1, '1': -1, '2': -1, '3': -1, '4': -1}",[],[]
c5001,Ranking: 124 / 333,45.4,"{'0': ['set_max_hp', 'set_speed'], '1': ['set_max_hp', 'set_max_hp', 'set_max_hp'], '2': ['set_speed'], '3': ['set_res', 'set_speed'], '4': ['set_immune', 'set_speed']}","{'0': '45.75', '1': '44.52', '2': '43.73', '3': '51.2', '4': '41.01'}","['c2011', 'c1153', 'c1103']","['c1103', 'c2011', 'c2109']"
c1137,Ranking: 23 / 333,54.29,"{'0': ['set_def', 'set_speed'], '1': ['set_counter', 'set_def'], '2': ['set_counter', 'set_res'], '3': ['set_res', 'set_speed'], '4': ['set_speed']}","{'0': '54.19', '1': '55.56', '2': '59.85', '3': '57.94', '4': '53.01'}","['c2011', 'c5110', 'c1153']","['c1153', 'c2011', 'c1103']"
c2009,Ranking: 93 / 333,47.37,"{'0': ['set_cri_dmg', 'set_penetrate'], '1': ['set_penetrate', 'set_speed'], '2': ['set_cri', 'set_immune', 'set_penetrate'], '3': ['set_att', 'set_penetrate'], '4': ['set_cri', 'set_cri_dmg']}","{'0': '46.04', '1': '53.44', '2': '54.1', '3': '39.7', '4': '38.44'}","['c1153', 'c2011', 'c2090']","['c1153', 'c2011', 'c1103']"
c1015,Ranking: 93 / 333,47.37,"{'0': ['set_acc', 'set_speed'], '1': ['set_cri', 'set_speed'], '2': ['set_speed'], '3': ['set_cri'], '4': ['set_immune', 'set_speed']}","{'0': '52.94', '1': '53.33', '2': '0', '3': '0', '4': '0'}","['c1103', 'c2011', 'c1019']","['c2106', 'c2113', 'c2090']"
c3103,Ranking: 54 / 333,50,"{'0': [], '1': [], '2': [], '3': [], '4': []}","{'0': -1, '1': -1, '2': -1, '3': -1, '4': -1}","['c1102', 'c3154', 'c3065']","['c3091', 'm0092', 'c2074']"
c1034,Ranking: 153 / 333,44.07,"{'0': ['set_cri', 'set_speed'], '1': ['set_cri', 'set_cri_dmg'], '2': ['set_att', 'set_cri'], '3': ['set_speed', 'set_torrent'], '4': ['set_cri', 'set_rage']}","{'0': '47.01', '1': '39.07', '2': '42.14', '3': '49.25', '4': '28.97'}","['c2011', 'c2106', 'c1153']","['c1133', 'c1153', 'c2011']"
c2065,Ranking: 136 / 333,44.95,"{'0': ['set_cri', 'set_vampire'], '1': ['set_cri', 'set_speed'], '2': ['set_torrent', 'set_vampire'], '3': ['set_speed'], '4': ['set_penetrate', 'set_vampire']}","{'0': '44.08', '1': '51.49', '2': '44.86', '3': '57.81', '4': '39.77'}","['c2011', 'c1153', 'c1103']","['c1103', 'c2011', 'c2106']"
c2029,Ranking: 123 / 333,45.56,"{'0': [], '1': [], '2': [], '3': [], '4': []}","{'0': -1, '1': -1, '2': -1, '3': -1, '4': -1}","['c5110', 'c2011', 'c1055']","['c5024', 'c1118', 'c6014']"
c3042,Ranking: 308 / 333,0,"{'0': [], '1': [], '2': [], '3': [], '4': []}","{'0': -1, '1': -1, '2': -1, '3': -1, '4': -1}","['c2007', 'c2111', 'c2046']","['c3157', 'c3165', 'c3158']"
c1097,Ranking: 290 / 333,24.07,"{'0': ['set_cri', 'set_speed'], '1': ['set_speed'], '2': ['set_acc', 'set_speed'], '3': ['set_att', 'set_cri'], '4': ['set_cri_dmg']}","{'0': '34.38', '1': '33.33', '2': '33.33', '3': '0', '4': '0'}","['c2011', 'c1103', 'c5110']","['c2112', 'c1103', 'c1153']"
c3053,Ranking: 308 / 333,0,"{'0': [], '1': [], '2': [], '3': [], '4': []}","{'0': -1, '1': -1, '2': -1, '3': -1, '4': -1}","['c1033', 'c2033', 'c3160']","['c3095', 'c1018', 'c2028']"
c5004,Ranking: 182 / 333,42.25,"{'0': ['set_counter', 'set_immune'], '1': ['set_counter', 'set_max_hp'], '2': ['set_counter', 'set_res'], '3': ['set_acc', 'set_counter'], '4': ['set_counter', 'set_cri']}","{'0': '38.59', '1': '45.83', '2': '41.18', '3': '42.06', '4': '41.56'}","['c2011', 'c1153', 'c1103']","['c1153', 'c2090', 'c2106']"
c3012,Ranking: 299 / 333,16.67,"{'0': [], '1': [], '2': [], '3': [], '4': []}","{'0': -1, '1': -1, '2': -1, '3': -1, '4': -1}","['c2090', 'c2074', 'c5110']","['c3125', 'c4158', 'c2011']"
c2053,Ranking: 112 / 333,46.47,"{'0': ['set_res', 'set_speed'], '1': ['set_speed'], '2': ['set_immune', 'set_speed'], '3': ['set_max_hp', 'set_speed'], '4': ['set_acc', 'set_speed']}","{'0': '48.04', '1': '48.18', '2': '41.57', '3': '41.44', '4': '42.22'}","['c2066', 'c2011', 'c1153']","['c2011', 'c1103', 'c1055']"
c3092,Ranking: 308 / 333,0,"{'0': [], '1': [], '2': [], '3': [], '4': []}","{'0': -1, '1': -1, '2': -1, '3': -1, '4': -1}","['m0343', 'c2011', 'c6037']","['c2007', 'c2090', 'c1055']"
c1114,Ranking: 95 / 333,47.21,"{'0': ['set_counter', 'set_cri'], '1': ['set_counter', 'set_immune'], '2': ['set_counter', 'set_penetrate'], '3': ['set_cri', 'set_cri_dmg'], '4': ['set_cri_dmg', 'set_penetrate']}","{'0': '48.5', '1': '50.78', '2': '47.01', '3': '41.67', '4': '46.43'}","['c2011', 'c1153', 'c5110']","['c1103', 'c2011', 'c1153']"
c3071,Ranking: 1 / 333,100,"{'0': [], '1': [], '2': [], '3': [], '4': []}","{'0': -1, '1': -1, '2': -1, '3': -1, '4': -1}",[],"['c3064', 'c6062', 'c3125']"
c1038,Ranking: 82 / 333,48.23,"{'0': ['set_penetrate', 'set_speed'], '1': ['set_cri_dmg', 'set_penetrate'], '2': ['set_att', 'set_penetrate'], '3': ['set_cri', 'set_cri_dmg'], '4': ['set_att', 'set_cri']}","{'0': '53.36', '1': '44.39', '2': '52.11', '3': '41.32', '4': '40.25'}","['c2011', 'c5110', 'c1103']","['c1133', 'c5110', 'c1153']"
c3160,Ranking: 201 / 333,40.74,"{'0': ['set_penetrate', 'set_vampire'], '1': ['set_penetrate', 'set_scar'], '2': ['set_penetrate', 'set_speed'], '3': ['set_cri', 'set_speed'], '4': ['set_cri_dmg']}","{'0': '35', '1': '66.67', '2': '100', '3': '100', '4': '0'}","['c5110', 'c2090', 'c1133']","['c1104', 'c1137', 'c2095']"
c3132,Ranking: 223 / 333,38.46,"{'0': ['set_acc', 'set_speed'], '1': ['set_cri', 'set_cri_dmg'], '2': ['set_cri_dmg'], '3': ['set_acc', 'set_att'], '4': ['set_penetrate', 'set_speed']}","{'0': '44.44', '1': '27.27', '2': '50', '3': '66.67', '4': '100'}","['c2011', 'c5110', 'c2109']","['c2007', 'c2011', 'c1103']"
c3165,Ranking: 175 / 333,42.86,"{'0': [], '1': [], '2': [], '3': [], '4': []}","{'0': -1, '1': -1, '2': -1, '3': -1, '4': -1}","['c2042', 'c1103', 'c2074']","['c3124', 'c3164', 'c3157']"
c1134,Ranking: 45 / 333,51.07,"{'0': ['set_penetrate', 'set_speed'], '1': ['set_penetrate', 'set_scar'], '2': ['set_cri', 'set_speed'], '3': ['set_cri', 'set_vampire'], '4': ['set_cri', 'set_scar']}","{'0': '51.21', '1': '54.83', '2': '50.75', '3': '52.06', '4': '55.23'}","['c1153', 'c2011', 'c5110']","['c2011', 'c1103', 'c2042']"
c3043,Ranking: 277 / 333,28.57,"{'0': [], '1': [], '2': [], '3': [], '4': []}","{'0': -1, '1': -1, '2': -1, '3': -1, '4': -1}","['c2011', 'c2066', 'c1118']","['c4144', 'c4158', 'c3124']"
c2088,Ranking: 25 / 333,54.08,"{'0': ['set_cri', 'set_vampire'], '1': ['set_cri', 'set_speed'], '2': ['set_torrent', 'set_vampire'], '3': ['set_penetrate', 'set_vampire'], '4': ['set_cri', 'set_cri_dmg']}","{'0': '53.85', '1': '53.18', '2': '59', '3': '54.81', '4': '53'}","['c2011', 'c1153', 'c2090']","['c1153', 'c2011', 'c2090']"
c2007,Ranking: 30 / 333,53.56,"{'0': ['set_cri', 'set_speed'], '1': ['set_cri', 'set_cri_dmg'], '2': ['set_cri_dmg', 'set_torrent'], '3': ['set_speed', 'set_torrent'], '4': ['set_att', 'set_cri']}","{'0': '52.54', '1': '51.83', '2': '60.26', '3': '60.74', '4': '51.16'}","['c2011', 'c1153', 'c1103']","['c2011', 'c1153', 'c1103']"
c3133,Ranking: 198 / 333,40.95,"{'0': [], '1': [], '2': [], '3': [], '4': []}","{'0': -1, '1': -1, '2': -1, '3': -1, '4': -1}","['c2011', 'c2066', 'c1055']","['c5009', 'c5046', 'c5111']"
c1049,Ranking: 293 / 333,21.43,"{'0': ['set_cri', 'set_cri_dmg'], '1': ['set_acc', 'set_speed'], '2': ['set_penetrate', 'set_vampire'], '3': ['set_cri_dmg', 'set_penetrate'], '4': ['set_cri', 'set_speed']}","{'0': '16.67', '1': '100', '2': '100', '3': '0', '4': '0'}","['c2011', 'c5110', 'c2109']","['c2011', 'c6062', 'c1118']"
c3024,Ranking: 239 / 333,36.36,"{'0': ['set_acc'], '1': ['set_cri', 'set_speed'], '2': ['set_att', 'set_torrent'], '3': ['set_att'], '4': ['set_penetrate', 'set_vampire']}","{'0': '50', '1': '50', '2': '100', '3': '0', '4': '0'}","['c1103', 'c6062', 'c2113']","['c2011', 'c1055', 'c2112']"
c1017,Ranking: 237 / 333,36.74,"{'0': ['set_res', 'set_speed'], '1': ['set_max_hp', 'set_speed'], '2': ['set_max_hp', 'set_max_hp', 'set_max_hp'], '3': ['set_immune', 'set_speed'], '4': ['set_res', 'set_res', 'set_res']}","{'0': '37.5', '1': '34.78', '2': '50', '3': '25', '4': '40'}","['c1153', 'c1103', 'c2011']","['c1144', 'c2014', 'c1100']"
c4073,Ranking: 257 / 333,33.04,"{'0': ['set_acc', 'set_speed'], '1': ['set_acc', 'set_counter'], '2': ['set_speed'], '3': ['set_res', 'set_speed'], '4': ['set_res', 'set_revenge']}","{'0': '35.48', '1': '38.89', '2': '18.75', '3': '100', '4': '50'}","['c2011', 'c1055', 'c2066']","['c4144', 'c4052', 'c4158']"
c2047,Ranking: 91 / 333,47.56,"{'0': ['set_cri_dmg', 'set_penetrate'], '1': ['set_cri_dmg', 'set_res'], '2': ['set_res', 'set_vampire'], '3': ['set_penetrate', 'set_vampire'], '4': ['set_cri_dmg', 'set_max_hp']}","{'0': '45.86', '1': '50.04', '2': '49.42', '3': '50.09', '4': '49.84'}","['c2011', 'c1153', 'c1103']","['c1153', 'c2011', 'c1103']"
c2023,Ranking: 129 / 333,45.13,"{'0': ['set_res', 'set_vampire'], '1': ['set_cri', 'set_vampire'], '2': ['set_cri_dmg', 'set_res'], '3': ['set_max_hp', 'set_vampire'], '4': ['set_max_hp', 'set_max_hp', 'set_res']}","{'0': '45.84', '1': '43.4', '2': '52.24', '3': '43.43', '4': '47.37'}","['c2011', 'c1153', 'c5110']","['c2011', 'c1153', 'c2090']"
c2050,Ranking: 172 / 333,43.02,"{'0': ['set_cri', 'set_speed'], '1': ['set_cri', 'set_cri_dmg'], '2': ['set_penetrate', 'set_speed'], '3': ['set_att', 'set_cri'], '4': ['set_cri_dmg', 'set_penetrate']}","{'0': '43.99', '1': '41.55', '2': '48.81', '3': '37.31', '4': '44.02'}","['c2011', 'c1103', 'c1153']","['c1103', 'c1153', 'c2011']"
c1101,Ranking: 137 / 333,44.81,"{'0': ['set_counter', 'set_cri'], '1': ['set_counter', 'set_penetrate'], '2': ['set_counter', 'set_max_hp'], '3': ['set_counter', 'set_immune'], '4': ['set_cri', 'set_speed']}","{'0': '43.89', '1': '46.15', '2': '41.61', '3': '48.48', '4': '46.2'}","['c2011', 'c1153', 'c5110']","['c2011', 'c1103', 'c1153']"
c3055,Ranking: 54 / 333,50,"{'0': [], '1': [], '2': [], '3': [], '4': []}","{'0': -1, '1': -1, '2': -1, '3': -1, '4': -1}","['c6062', 'c1133', 'c2007']","['c5089', 'c1142', 'c2074']"
